[
    {
        "pk": 24, 
        "model": "contenttypes.contenttype", 
        "fields": {
            "model": "animal", 
            "name": "Animal", 
            "app_label": "farm"
        }
    }, 
    {
        "pk": 26, 
        "model": "contenttypes.contenttype", 
        "fields": {
            "model": "animalattribute", 
            "name": "Animal attribute", 
            "app_label": "farm"
        }
    }, 
    {
        "pk": 25, 
        "model": "contenttypes.contenttype", 
        "fields": {
            "model": "animalattributeoption", 
            "name": "Animal attribute options", 
            "app_label": "farm"
        }
    }, 
    {
        "pk": 27, 
        "model": "contenttypes.contenttype", 
        "fields": {
            "model": "animalregistration", 
            "name": "Animal registration", 
            "app_label": "farm"
        }
    }, 
    {
        "pk": 21, 
        "model": "contenttypes.contenttype", 
        "fields": {
            "model": "breed", 
            "name": "Breed", 
            "app_label": "farm"
        }
    }, 
    {
        "pk": 19, 
        "model": "contenttypes.contenttype", 
        "fields": {
            "model": "farm", 
            "name": "Farm", 
            "app_label": "farm"
        }
    }, 
    {
        "pk": 40, 
        "model": "contenttypes.contenttype", 
        "fields": {
            "model": "genus", 
            "name": "Genus", 
            "app_label": "farm"
        }
    }, 
    {
        "pk": 33, 
        "model": "contenttypes.contenttype", 
        "fields": {
            "model": "note", 
            "name": "Note", 
            "app_label": "notes"
        }
    }, 
    {
        "pk": 31, 
        "model": "contenttypes.contenttype", 
        "fields": {
            "model": "product", 
            "name": "Product", 
            "app_label": "farm"
        }
    }, 
    {
        "pk": 30, 
        "model": "contenttypes.contenttype", 
        "fields": {
            "model": "productattribute", 
            "name": "Product attribute", 
            "app_label": "farm"
        }
    }, 
    {
        "pk": 29, 
        "model": "contenttypes.contenttype", 
        "fields": {
            "model": "productattributeoption", 
            "name": "Product attribute options", 
            "app_label": "farm"
        }
    }, 
    {
        "pk": 28, 
        "model": "contenttypes.contenttype", 
        "fields": {
            "model": "producttype", 
            "name": "Product type", 
            "app_label": "farm"
        }
    }, 
    {
        "pk": 22, 
        "model": "contenttypes.contenttype", 
        "fields": {
            "model": "registrationbody", 
            "name": "Registration body", 
            "app_label": "farm"
        }
    }, 
    {
        "pk": 23, 
        "model": "contenttypes.contenttype", 
        "fields": {
            "model": "secondarybreed", 
            "name": "Secondary breed", 
            "app_label": "farm"
        }
    }, 
    {
        "pk": 32, 
        "model": "contenttypes.contenttype", 
        "fields": {
            "model": "topic", 
            "name": "Topic", 
            "app_label": "notes"
        }
    }, 
    {
        "pk": 17, 
        "model": "contenttypes.contenttype", 
        "fields": {
            "model": "article", 
            "name": "article", 
            "app_label": "articles"
        }
    }, 
    {
        "pk": 16, 
        "model": "contenttypes.contenttype", 
        "fields": {
            "model": "articlestatus", 
            "name": "article status", 
            "app_label": "articles"
        }
    }, 
    {
        "pk": 18, 
        "model": "contenttypes.contenttype", 
        "fields": {
            "model": "attachment", 
            "name": "attachment", 
            "app_label": "articles"
        }
    }, 
    {
        "pk": 14, 
        "model": "contenttypes.contenttype", 
        "fields": {
            "model": "attributeoption", 
            "name": "attribute option", 
            "app_label": "attributes"
        }
    }, 
    {
        "pk": 9, 
        "model": "contenttypes.contenttype", 
        "fields": {
            "model": "comment", 
            "name": "comment", 
            "app_label": "comments"
        }
    }, 
    {
        "pk": 10, 
        "model": "contenttypes.contenttype", 
        "fields": {
            "model": "commentflag", 
            "name": "comment flag", 
            "app_label": "comments"
        }
    }, 
    {
        "pk": 5, 
        "model": "contenttypes.contenttype", 
        "fields": {
            "model": "contenttype", 
            "name": "content type", 
            "app_label": "contenttypes"
        }
    }, 
    {
        "pk": 11, 
        "model": "contenttypes.contenttype", 
        "fields": {
            "model": "flatpage", 
            "name": "flat page", 
            "app_label": "flatpages"
        }
    }, 
    {
        "pk": 34, 
        "model": "contenttypes.contenttype", 
        "fields": {
            "model": "gallery", 
            "name": "gallery", 
            "app_label": "photologue"
        }
    }, 
    {
        "pk": 35, 
        "model": "contenttypes.contenttype", 
        "fields": {
            "model": "galleryupload", 
            "name": "gallery upload", 
            "app_label": "photologue"
        }
    }, 
    {
        "pk": 2, 
        "model": "contenttypes.contenttype", 
        "fields": {
            "model": "group", 
            "name": "group", 
            "app_label": "auth"
        }
    }, 
    {
        "pk": 8, 
        "model": "contenttypes.contenttype", 
        "fields": {
            "model": "logentry", 
            "name": "log entry", 
            "app_label": "admin"
        }
    }, 
    {
        "pk": 4, 
        "model": "contenttypes.contenttype", 
        "fields": {
            "model": "message", 
            "name": "message", 
            "app_label": "auth"
        }
    }, 
    {
        "pk": 1, 
        "model": "contenttypes.contenttype", 
        "fields": {
            "model": "permission", 
            "name": "permission", 
            "app_label": "auth"
        }
    }, 
    {
        "pk": 36, 
        "model": "contenttypes.contenttype", 
        "fields": {
            "model": "photo", 
            "name": "photo", 
            "app_label": "photologue"
        }
    }, 
    {
        "pk": 37, 
        "model": "contenttypes.contenttype", 
        "fields": {
            "model": "photoeffect", 
            "name": "photo effect", 
            "app_label": "photologue"
        }
    }, 
    {
        "pk": 39, 
        "model": "contenttypes.contenttype", 
        "fields": {
            "model": "photosize", 
            "name": "photo size", 
            "app_label": "photologue"
        }
    }, 
    {
        "pk": 6, 
        "model": "contenttypes.contenttype", 
        "fields": {
            "model": "session", 
            "name": "session", 
            "app_label": "sessions"
        }
    }, 
    {
        "pk": 7, 
        "model": "contenttypes.contenttype", 
        "fields": {
            "model": "site", 
            "name": "site", 
            "app_label": "sites"
        }
    }, 
    {
        "pk": 12, 
        "model": "contenttypes.contenttype", 
        "fields": {
            "model": "source", 
            "name": "source", 
            "app_label": "easy_thumbnails"
        }
    }, 
    {
        "pk": 15, 
        "model": "contenttypes.contenttype", 
        "fields": {
            "model": "tag", 
            "name": "tag", 
            "app_label": "articles"
        }
    }, 
    {
        "pk": 13, 
        "model": "contenttypes.contenttype", 
        "fields": {
            "model": "thumbnail", 
            "name": "thumbnail", 
            "app_label": "easy_thumbnails"
        }
    }, 
    {
        "pk": 3, 
        "model": "contenttypes.contenttype", 
        "fields": {
            "model": "user", 
            "name": "user", 
            "app_label": "auth"
        }
    }, 
    {
        "pk": 38, 
        "model": "contenttypes.contenttype", 
        "fields": {
            "model": "watermark", 
            "name": "watermark", 
            "app_label": "photologue"
        }
    }, 
    {
        "pk": "997d884b3c55a4307544d8d0df746d0b", 
        "model": "sessions.session", 
        "fields": {
            "expire_date": "2011-05-18 13:35:39", 
            "session_data": "Y2U2NzYxMWZjMDkyNmZmZjE2ZWVlNjZlYzk1MThjZDg1OTVjZmZjODqAAn1xAShVEl9hdXRoX3Vz\nZXJfYmFja2VuZHECVSlkamFuZ28uY29udHJpYi5hdXRoLmJhY2tlbmRzLk1vZGVsQmFja2VuZHED\nVQ1fYXV0aF91c2VyX2lkcQRLAXUu\n"
        }
    }, 
    {
        "pk": "2fca57dc64d95e3c2048ef3603844590", 
        "model": "sessions.session", 
        "fields": {
            "expire_date": "2011-05-19 12:26:46", 
            "session_data": "MTlmMDEzOTYzMWMzNWQ3MDRiOWQyNDdkOWY0NTkyMmNmYzQ4YzJlYjqAAn1xAS4=\n"
        }
    }, 
    {
        "pk": "ed398ea2a4a5e3b49b53b1bec1e02890", 
        "model": "sessions.session", 
        "fields": {
            "expire_date": "2011-05-19 14:31:51", 
            "session_data": "Y2U2NzYxMWZjMDkyNmZmZjE2ZWVlNjZlYzk1MThjZDg1OTVjZmZjODqAAn1xAShVEl9hdXRoX3Vz\nZXJfYmFja2VuZHECVSlkamFuZ28uY29udHJpYi5hdXRoLmJhY2tlbmRzLk1vZGVsQmFja2VuZHED\nVQ1fYXV0aF91c2VyX2lkcQRLAXUu\n"
        }
    }, 
    {
        "pk": "1de7ed5261d273f33143b87f2551625a", 
        "model": "sessions.session", 
        "fields": {
            "expire_date": "2011-05-19 22:17:57", 
            "session_data": "Y2U2NzYxMWZjMDkyNmZmZjE2ZWVlNjZlYzk1MThjZDg1OTVjZmZjODqAAn1xAShVEl9hdXRoX3Vz\nZXJfYmFja2VuZHECVSlkamFuZ28uY29udHJpYi5hdXRoLmJhY2tlbmRzLk1vZGVsQmFja2VuZHED\nVQ1fYXV0aF91c2VyX2lkcQRLAXUu\n"
        }
    }, 
    {
        "pk": "e55ef6436cce0a575ed7552554b4c3e1", 
        "model": "sessions.session", 
        "fields": {
            "expire_date": "2011-05-20 07:42:27", 
            "session_data": "Y2U2NzYxMWZjMDkyNmZmZjE2ZWVlNjZlYzk1MThjZDg1OTVjZmZjODqAAn1xAShVEl9hdXRoX3Vz\nZXJfYmFja2VuZHECVSlkamFuZ28uY29udHJpYi5hdXRoLmJhY2tlbmRzLk1vZGVsQmFja2VuZHED\nVQ1fYXV0aF91c2VyX2lkcQRLAXUu\n"
        }
    }, 
    {
        "pk": "e49d55fe9b50c70c63cf9dae9cfffe76", 
        "model": "sessions.session", 
        "fields": {
            "expire_date": "2011-05-20 11:08:33", 
            "session_data": "Y2U2NzYxMWZjMDkyNmZmZjE2ZWVlNjZlYzk1MThjZDg1OTVjZmZjODqAAn1xAShVEl9hdXRoX3Vz\nZXJfYmFja2VuZHECVSlkamFuZ28uY29udHJpYi5hdXRoLmJhY2tlbmRzLk1vZGVsQmFja2VuZHED\nVQ1fYXV0aF91c2VyX2lkcQRLAXUu\n"
        }
    }, 
    {
        "pk": 1, 
        "model": "sites.site", 
        "fields": {
            "domain": "example.com", 
            "name": "example.com"
        }
    }, 
    {
        "pk": 124, 
        "model": "admin.logentry", 
        "fields": {
            "action_flag": 2, 
            "action_time": "2011-05-10 10:42:38", 
            "object_repr": "Willa a Large Black Pig", 
            "object_id": "13", 
            "change_message": "Changed birthday and birthtime.", 
            "user": 1, 
            "content_type": 24
        }
    }, 
    {
        "pk": 123, 
        "model": "admin.logentry", 
        "fields": {
            "action_flag": 2, 
            "action_time": "2011-05-10 10:41:19", 
            "object_repr": "Willa a Large Black Pig", 
            "object_id": "13", 
            "change_message": "Changed photos.", 
            "user": 1, 
            "content_type": 24
        }
    }, 
    {
        "pk": 122, 
        "model": "admin.logentry", 
        "fields": {
            "action_flag": 1, 
            "action_time": "2011-05-10 10:40:55", 
            "object_repr": "Willa nursing her first litter", 
            "object_id": "8", 
            "change_message": "", 
            "user": 1, 
            "content_type": 36
        }
    }, 
    {
        "pk": 121, 
        "model": "admin.logentry", 
        "fields": {
            "action_flag": 2, 
            "action_time": "2011-05-10 10:37:49", 
            "object_repr": "Candace ID: 0ddc1cdcef", 
            "object_id": "2", 
            "change_message": "Changed crop_from.", 
            "user": 1, 
            "content_type": 36
        }
    }, 
    {
        "pk": 120, 
        "model": "admin.logentry", 
        "fields": {
            "action_flag": 2, 
            "action_time": "2011-05-10 10:36:12", 
            "object_repr": "mug", 
            "object_id": "3", 
            "change_message": "Changed height.", 
            "user": 1, 
            "content_type": 39
        }
    }, 
    {
        "pk": 119, 
        "model": "admin.logentry", 
        "fields": {
            "action_flag": 2, 
            "action_time": "2011-05-10 10:36:00", 
            "object_repr": "mug", 
            "object_id": "3", 
            "change_message": "Changed width and pre_cache.", 
            "user": 1, 
            "content_type": 39
        }
    }, 
    {
        "pk": 118, 
        "model": "admin.logentry", 
        "fields": {
            "action_flag": 2, 
            "action_time": "2011-05-10 10:33:35", 
            "object_repr": "mug", 
            "object_id": "3", 
            "change_message": "Changed upscale and pre_cache.", 
            "user": 1, 
            "content_type": 39
        }
    }, 
    {
        "pk": 117, 
        "model": "admin.logentry", 
        "fields": {
            "action_flag": 2, 
            "action_time": "2011-05-10 10:30:09", 
            "object_repr": "mug", 
            "object_id": "3", 
            "change_message": "Changed height.", 
            "user": 1, 
            "content_type": 39
        }
    }, 
    {
        "pk": 116, 
        "model": "admin.logentry", 
        "fields": {
            "action_flag": 2, 
            "action_time": "2011-05-10 10:29:50", 
            "object_repr": "mug", 
            "object_id": "3", 
            "change_message": "Changed width.", 
            "user": 1, 
            "content_type": 39
        }
    }, 
    {
        "pk": 115, 
        "model": "admin.logentry", 
        "fields": {
            "action_flag": 1, 
            "action_time": "2011-05-10 10:27:42", 
            "object_repr": "Emmett a Dwarf Nigerian Goat", 
            "object_id": "28", 
            "change_message": "", 
            "user": 1, 
            "content_type": 24
        }
    }, 
    {
        "pk": 114, 
        "model": "admin.logentry", 
        "fields": {
            "action_flag": 1, 
            "action_time": "2011-05-10 10:27:34", 
            "object_repr": "Polled", 
            "object_id": "4", 
            "change_message": "", 
            "user": 1, 
            "content_type": 14
        }
    }, 
    {
        "pk": 113, 
        "model": "admin.logentry", 
        "fields": {
            "action_flag": 1, 
            "action_time": "2011-05-10 10:27:11", 
            "object_repr": "Emmett the DN Buck", 
            "object_id": "7", 
            "change_message": "", 
            "user": 1, 
            "content_type": 36
        }
    }, 
    {
        "pk": 112, 
        "model": "admin.logentry", 
        "fields": {
            "action_flag": 2, 
            "action_time": "2011-05-10 10:04:13", 
            "object_repr": "Frank with a child", 
            "object_id": "6", 
            "change_message": "Changed crop_from.", 
            "user": 1, 
            "content_type": 36
        }
    }, 
    {
        "pk": 111, 
        "model": "admin.logentry", 
        "fields": {
            "action_flag": 2, 
            "action_time": "2011-05-10 10:03:48", 
            "object_repr": "Frank a Katahdin Sheep", 
            "object_id": "16", 
            "change_message": "Changed birthtime, description and photos.", 
            "user": 1, 
            "content_type": 24
        }
    }, 
    {
        "pk": 110, 
        "model": "admin.logentry", 
        "fields": {
            "action_flag": 3, 
            "action_time": "2011-05-10 10:03:29", 
            "object_repr": "Frank a Katahdin Sheep", 
            "object_id": "28", 
            "change_message": "", 
            "user": 1, 
            "content_type": 24
        }
    }, 
    {
        "pk": 109, 
        "model": "admin.logentry", 
        "fields": {
            "action_flag": 1, 
            "action_time": "2011-05-10 10:02:55", 
            "object_repr": "Frank a Katahdin Sheep", 
            "object_id": "28", 
            "change_message": "", 
            "user": 1, 
            "content_type": 24
        }
    }, 
    {
        "pk": 108, 
        "model": "admin.logentry", 
        "fields": {
            "action_flag": 1, 
            "action_time": "2011-05-10 10:02:05", 
            "object_repr": "Frank with a child", 
            "object_id": "6", 
            "change_message": "", 
            "user": 1, 
            "content_type": 36
        }
    }, 
    {
        "pk": 107, 
        "model": "admin.logentry", 
        "fields": {
            "action_flag": 2, 
            "action_time": "2011-05-09 23:59:14", 
            "object_repr": "Merriweather a Red Wattle Pig", 
            "object_id": "2", 
            "change_message": "Changed photos.", 
            "user": 1, 
            "content_type": 24
        }
    }, 
    {
        "pk": 106, 
        "model": "admin.logentry", 
        "fields": {
            "action_flag": 1, 
            "action_time": "2011-05-09 23:59:08", 
            "object_repr": "Merriweather the hog", 
            "object_id": "5", 
            "change_message": "", 
            "user": 1, 
            "content_type": 36
        }
    }, 
    {
        "pk": 105, 
        "model": "admin.logentry", 
        "fields": {
            "action_flag": 2, 
            "action_time": "2011-05-09 23:56:22", 
            "object_repr": "Goose", 
            "object_id": "8", 
            "change_message": "Changed plural_name.", 
            "user": 1, 
            "content_type": 40
        }
    }, 
    {
        "pk": 104, 
        "model": "admin.logentry", 
        "fields": {
            "action_flag": 1, 
            "action_time": "2011-05-09 23:55:53", 
            "object_repr": "Goose", 
            "object_id": "8", 
            "change_message": "", 
            "user": 1, 
            "content_type": 40
        }
    }, 
    {
        "pk": 103, 
        "model": "admin.logentry", 
        "fields": {
            "action_flag": 1, 
            "action_time": "2011-05-09 23:55:29", 
            "object_repr": "Duck", 
            "object_id": "7", 
            "change_message": "", 
            "user": 1, 
            "content_type": 40
        }
    }, 
    {
        "pk": 102, 
        "model": "admin.logentry", 
        "fields": {
            "action_flag": 1, 
            "action_time": "2011-05-09 23:50:07", 
            "object_repr": "Americana Chicken", 
            "object_id": "12", 
            "change_message": "", 
            "user": 1, 
            "content_type": 21
        }
    }, 
    {
        "pk": 101, 
        "model": "admin.logentry", 
        "fields": {
            "action_flag": 1, 
            "action_time": "2011-05-09 23:47:27", 
            "object_repr": "Olga a Narragansett Turkey", 
            "object_id": "27", 
            "change_message": "", 
            "user": 1, 
            "content_type": 24
        }
    }, 
    {
        "pk": 100, 
        "model": "admin.logentry", 
        "fields": {
            "action_flag": 2, 
            "action_time": "2011-05-09 23:46:12", 
            "object_repr": "Narragansett Turkey", 
            "object_id": "9", 
            "change_message": "Changed description.", 
            "user": 1, 
            "content_type": 21
        }
    }, 
    {
        "pk": 99, 
        "model": "admin.logentry", 
        "fields": {
            "action_flag": 2, 
            "action_time": "2011-05-09 23:42:25", 
            "object_repr": "Broad-breasted Bronze Turkey", 
            "object_id": "11", 
            "change_message": "Changed title.", 
            "user": 1, 
            "content_type": 21
        }
    }, 
    {
        "pk": 98, 
        "model": "admin.logentry", 
        "fields": {
            "action_flag": 1, 
            "action_time": "2011-05-09 23:42:12", 
            "object_repr": "Broad-breasted bronze Turkey", 
            "object_id": "11", 
            "change_message": "", 
            "user": 1, 
            "content_type": 21
        }
    }, 
    {
        "pk": 97, 
        "model": "admin.logentry", 
        "fields": {
            "action_flag": 2, 
            "action_time": "2011-05-09 23:34:29", 
            "object_repr": "Sheep", 
            "object_id": "1", 
            "change_message": "Changed plural_name.", 
            "user": 1, 
            "content_type": 40
        }
    }, 
    {
        "pk": 96, 
        "model": "admin.logentry", 
        "fields": {
            "action_flag": 2, 
            "action_time": "2011-05-09 23:31:16", 
            "object_repr": "Guineafowl", 
            "object_id": "5", 
            "change_message": "Changed plural_name.", 
            "user": 1, 
            "content_type": 40
        }
    }, 
    {
        "pk": 95, 
        "model": "admin.logentry", 
        "fields": {
            "action_flag": 2, 
            "action_time": "2011-05-09 23:22:27", 
            "object_repr": "Adele a Tunis Sheep", 
            "object_id": "15", 
            "change_message": "No fields changed.", 
            "user": 1, 
            "content_type": 24
        }
    }, 
    {
        "pk": 94, 
        "model": "admin.logentry", 
        "fields": {
            "action_flag": 2, 
            "action_time": "2011-05-09 23:17:35", 
            "object_repr": "mug", 
            "object_id": "3", 
            "change_message": "Changed width and height.", 
            "user": 1, 
            "content_type": 39
        }
    }, 
    {
        "pk": 93, 
        "model": "admin.logentry", 
        "fields": {
            "action_flag": 1, 
            "action_time": "2011-05-09 23:16:33", 
            "object_repr": "mug", 
            "object_id": "3", 
            "change_message": "", 
            "user": 1, 
            "content_type": 39
        }
    }, 
    {
        "pk": 92, 
        "model": "admin.logentry", 
        "fields": {
            "action_flag": 2, 
            "action_time": "2011-05-09 09:17:23", 
            "object_repr": "Merriweather a Red Wattle Pig", 
            "object_id": "2", 
            "change_message": "Added Animal attribute \"color\". Added Animal attribute \"wattles\".", 
            "user": 1, 
            "content_type": 24
        }
    }, 
    {
        "pk": 91, 
        "model": "admin.logentry", 
        "fields": {
            "action_flag": 2, 
            "action_time": "2011-05-09 08:59:02", 
            "object_repr": "Piglets enjoy sun", 
            "object_id": "2", 
            "change_message": "Changed description. Added attachment \"Piglets enjoy sun: Piglet!\". Added attachment \"Piglets enjoy sun: Piglets enjoying the warmth of the sun.\".", 
            "user": 1, 
            "content_type": 17
        }
    }, 
    {
        "pk": 90, 
        "model": "admin.logentry", 
        "fields": {
            "action_flag": 2, 
            "action_time": "2011-05-08 23:18:37", 
            "object_repr": "Gertrude a Red Wattle Pig", 
            "object_id": "1", 
            "change_message": "Added Animal attribute \"color\". Added Animal attribute \"wattles\".", 
            "user": 1, 
            "content_type": 24
        }
    }, 
    {
        "pk": 89, 
        "model": "admin.logentry", 
        "fields": {
            "action_flag": 1, 
            "action_time": "2011-05-08 23:18:30", 
            "object_repr": "Wattles", 
            "object_id": "3", 
            "change_message": "", 
            "user": 1, 
            "content_type": 14
        }
    }, 
    {
        "pk": 88, 
        "model": "admin.logentry", 
        "fields": {
            "action_flag": 1, 
            "action_time": "2011-05-08 23:17:28", 
            "object_repr": "Hair color", 
            "object_id": "2", 
            "change_message": "", 
            "user": 1, 
            "content_type": 14
        }
    }, 
    {
        "pk": 87, 
        "model": "admin.logentry", 
        "fields": {
            "action_flag": 2, 
            "action_time": "2011-05-08 22:10:24", 
            "object_repr": "Adele a Tunis Sheep", 
            "object_id": "15", 
            "change_message": "Changed description. Added Animal attribute \"Siblings\".", 
            "user": 1, 
            "content_type": 24
        }
    }, 
    {
        "pk": 86, 
        "model": "admin.logentry", 
        "fields": {
            "action_flag": 1, 
            "action_time": "2011-05-08 22:10:16", 
            "object_repr": "Number of siblings", 
            "object_id": "1", 
            "change_message": "", 
            "user": 1, 
            "content_type": 14
        }
    }, 
    {
        "pk": 85, 
        "model": "admin.logentry", 
        "fields": {
            "action_flag": 2, 
            "action_time": "2011-05-08 13:12:09", 
            "object_repr": "Adele a Tunis Sheep", 
            "object_id": "15", 
            "change_message": "Changed name.", 
            "user": 1, 
            "content_type": 24
        }
    }, 
    {
        "pk": 84, 
        "model": "admin.logentry", 
        "fields": {
            "action_flag": 1, 
            "action_time": "2011-05-06 22:38:35", 
            "object_repr": "Piglets enjoy sun", 
            "object_id": "2", 
            "change_message": "", 
            "user": 1, 
            "content_type": 17
        }
    }, 
    {
        "pk": 83, 
        "model": "admin.logentry", 
        "fields": {
            "action_flag": 2, 
            "action_time": "2011-05-06 21:30:16", 
            "object_repr": "Gertrude a Red Wattle Pig", 
            "object_id": "1", 
            "change_message": "Changed photos. Deleted Note \"Note object\".", 
            "user": 1, 
            "content_type": 24
        }
    }, 
    {
        "pk": 82, 
        "model": "admin.logentry", 
        "fields": {
            "action_flag": 1, 
            "action_time": "2011-05-06 21:30:05", 
            "object_repr": "Gertrude", 
            "object_id": "4", 
            "change_message": "", 
            "user": 1, 
            "content_type": 36
        }
    }, 
    {
        "pk": 81, 
        "model": "admin.logentry", 
        "fields": {
            "action_flag": 1, 
            "action_time": "2011-05-06 21:29:28", 
            "object_repr": "Gertrude with her first litter", 
            "object_id": "3", 
            "change_message": "", 
            "user": 1, 
            "content_type": 36
        }
    }, 
    {
        "pk": 80, 
        "model": "admin.logentry", 
        "fields": {
            "action_flag": 2, 
            "action_time": "2011-05-06 11:37:21", 
            "object_repr": "Frank a Katahdin Sheep", 
            "object_id": "16", 
            "change_message": "Changed birthday.", 
            "user": 1, 
            "content_type": 24
        }
    }, 
    {
        "pk": 79, 
        "model": "admin.logentry", 
        "fields": {
            "action_flag": 2, 
            "action_time": "2011-05-06 11:36:59", 
            "object_repr": "Zoey a Katahdin Sheep", 
            "object_id": "17", 
            "change_message": "Changed birthday.", 
            "user": 1, 
            "content_type": 24
        }
    }, 
    {
        "pk": 78, 
        "model": "admin.logentry", 
        "fields": {
            "action_flag": 2, 
            "action_time": "2011-05-06 11:35:09", 
            "object_repr": "Candace a Tunis Sheep", 
            "object_id": "12", 
            "change_message": "Changed photos.", 
            "user": 1, 
            "content_type": 24
        }
    }, 
    {
        "pk": 77, 
        "model": "admin.logentry", 
        "fields": {
            "action_flag": 1, 
            "action_time": "2011-05-06 11:35:00", 
            "object_repr": "Candace ID: 0ddc1cdcef", 
            "object_id": "2", 
            "change_message": "", 
            "user": 1, 
            "content_type": 36
        }
    }, 
    {
        "pk": 76, 
        "model": "admin.logentry", 
        "fields": {
            "action_flag": 1, 
            "action_time": "2011-05-05 23:31:19", 
            "object_repr": "thumbnail", 
            "object_id": "2", 
            "change_message": "", 
            "user": 1, 
            "content_type": 39
        }
    }, 
    {
        "pk": 75, 
        "model": "admin.logentry", 
        "fields": {
            "action_flag": 2, 
            "action_time": "2011-05-05 22:10:37", 
            "object_repr": "Candace a Tunis Sheep", 
            "object_id": "12", 
            "change_message": "Changed description.", 
            "user": 1, 
            "content_type": 24
        }
    }, 
    {
        "pk": 74, 
        "model": "admin.logentry", 
        "fields": {
            "action_flag": 1, 
            "action_time": "2011-05-05 14:39:12", 
            "object_repr": "F from Willa (ID: 86926ffa1f)", 
            "object_id": "26", 
            "change_message": "", 
            "user": 1, 
            "content_type": 24
        }
    }, 
    {
        "pk": 73, 
        "model": "admin.logentry", 
        "fields": {
            "action_flag": 1, 
            "action_time": "2011-05-05 14:38:39", 
            "object_repr": "F from Willa (ID: 35b9187cb5)", 
            "object_id": "25", 
            "change_message": "", 
            "user": 1, 
            "content_type": 24
        }
    }, 
    {
        "pk": 72, 
        "model": "admin.logentry", 
        "fields": {
            "action_flag": 1, 
            "action_time": "2011-05-05 14:38:05", 
            "object_repr": "F from Willa (ID: 526d1fe4eb)", 
            "object_id": "24", 
            "change_message": "", 
            "user": 1, 
            "content_type": 24
        }
    }, 
    {
        "pk": 71, 
        "model": "admin.logentry", 
        "fields": {
            "action_flag": 2, 
            "action_time": "2011-05-05 14:37:14", 
            "object_repr": "M from Willa (ID: cc3c10bd3c)", 
            "object_id": "22", 
            "change_message": "Changed deathday.", 
            "user": 1, 
            "content_type": 24
        }
    }, 
    {
        "pk": 70, 
        "model": "admin.logentry", 
        "fields": {
            "action_flag": 1, 
            "action_time": "2011-05-05 14:36:30", 
            "object_repr": "M from Willa (ID: 239cbc318c)", 
            "object_id": "23", 
            "change_message": "", 
            "user": 1, 
            "content_type": 24
        }
    }, 
    {
        "pk": 69, 
        "model": "admin.logentry", 
        "fields": {
            "action_flag": 1, 
            "action_time": "2011-05-05 14:35:54", 
            "object_repr": "M from Willa (ID: cc3c10bd3c)", 
            "object_id": "22", 
            "change_message": "", 
            "user": 1, 
            "content_type": 24
        }
    }, 
    {
        "pk": 68, 
        "model": "admin.logentry", 
        "fields": {
            "action_flag": 1, 
            "action_time": "2011-05-05 14:35:16", 
            "object_repr": "M from Willa (ID: 851b18a33c)", 
            "object_id": "21", 
            "change_message": "", 
            "user": 1, 
            "content_type": 24
        }
    }, 
    {
        "pk": 67, 
        "model": "admin.logentry", 
        "fields": {
            "action_flag": 1, 
            "action_time": "2011-05-05 14:34:41", 
            "object_repr": "M from Willa (ID: 69c59a7bcb)", 
            "object_id": "20", 
            "change_message": "", 
            "user": 1, 
            "content_type": 24
        }
    }, 
    {
        "pk": 66, 
        "model": "admin.logentry", 
        "fields": {
            "action_flag": 1, 
            "action_time": "2011-05-05 14:34:00", 
            "object_repr": "M from Willa (ID: fb5a8103ed)", 
            "object_id": "19", 
            "change_message": "", 
            "user": 1, 
            "content_type": 24
        }
    }, 
    {
        "pk": 65, 
        "model": "admin.logentry", 
        "fields": {
            "action_flag": 1, 
            "action_time": "2011-05-05 14:33:13", 
            "object_repr": "M from Willa (ID: 119260ba83)", 
            "object_id": "18", 
            "change_message": "", 
            "user": 1, 
            "content_type": 24
        }
    }, 
    {
        "pk": 64, 
        "model": "admin.logentry", 
        "fields": {
            "action_flag": 2, 
            "action_time": "2011-05-05 14:32:11", 
            "object_repr": "M from Willa (ID: ebf1764718)", 
            "object_id": "14", 
            "change_message": "No fields changed.", 
            "user": 1, 
            "content_type": 24
        }
    }, 
    {
        "pk": 63, 
        "model": "admin.logentry", 
        "fields": {
            "action_flag": 2, 
            "action_time": "2011-05-05 14:32:10", 
            "object_repr": "M from Willa (ID: ebf1764718)", 
            "object_id": "14", 
            "change_message": "No fields changed.", 
            "user": 1, 
            "content_type": 24
        }
    }, 
    {
        "pk": 62, 
        "model": "admin.logentry", 
        "fields": {
            "action_flag": 1, 
            "action_time": "2011-05-05 00:30:17", 
            "object_repr": "Zoey a Katahdin Sheep", 
            "object_id": "17", 
            "change_message": "", 
            "user": 1, 
            "content_type": 24
        }
    }, 
    {
        "pk": 61, 
        "model": "admin.logentry", 
        "fields": {
            "action_flag": 1, 
            "action_time": "2011-05-05 00:28:38", 
            "object_repr": "Frank a Katahdin Sheep", 
            "object_id": "16", 
            "change_message": "", 
            "user": 1, 
            "content_type": 24
        }
    }, 
    {
        "pk": 60, 
        "model": "admin.logentry", 
        "fields": {
            "action_flag": 1, 
            "action_time": "2011-05-05 00:28:06", 
            "object_repr": "King Hill Farm", 
            "object_id": "3", 
            "change_message": "", 
            "user": 1, 
            "content_type": 19
        }
    }, 
    {
        "pk": 59, 
        "model": "admin.logentry", 
        "fields": {
            "action_flag": 2, 
            "action_time": "2011-05-04 22:58:57", 
            "object_repr": "M from Willa (ID: ebf1764718)", 
            "object_id": "14", 
            "change_message": "No fields changed.", 
            "user": 1, 
            "content_type": 24
        }
    }, 
    {
        "pk": 58, 
        "model": "admin.logentry", 
        "fields": {
            "action_flag": 3, 
            "action_time": "2011-05-04 21:59:04", 
            "object_repr": "M from Candace (ID: f71e8eeaf4)", 
            "object_id": "16", 
            "change_message": "", 
            "user": 1, 
            "content_type": 24
        }
    }, 
    {
        "pk": 57, 
        "model": "admin.logentry", 
        "fields": {
            "action_flag": 1, 
            "action_time": "2011-05-04 21:20:01", 
            "object_repr": "M from Candace (ID: f71e8eeaf4)", 
            "object_id": "16", 
            "change_message": "", 
            "user": 1, 
            "content_type": 24
        }
    }, 
    {
        "pk": 56, 
        "model": "admin.logentry", 
        "fields": {
            "action_flag": 2, 
            "action_time": "2011-05-04 16:56:54", 
            "object_repr": "Large Black Pig", 
            "object_id": "2", 
            "change_message": "Changed title.", 
            "user": 1, 
            "content_type": 21
        }
    }, 
    {
        "pk": 55, 
        "model": "admin.logentry", 
        "fields": {
            "action_flag": 2, 
            "action_time": "2011-05-04 16:56:40", 
            "object_repr": "Dwarf Nigerian Goat", 
            "object_id": "7", 
            "change_message": "Changed title.", 
            "user": 1, 
            "content_type": 21
        }
    }, 
    {
        "pk": 54, 
        "model": "admin.logentry", 
        "fields": {
            "action_flag": 2, 
            "action_time": "2011-05-04 16:56:25", 
            "object_repr": "Red Wattle Pig", 
            "object_id": "1", 
            "change_message": "Changed title.", 
            "user": 1, 
            "content_type": 21
        }
    }, 
    {
        "pk": 53, 
        "model": "admin.logentry", 
        "fields": {
            "action_flag": 1, 
            "action_time": "2011-05-04 16:40:08", 
            "object_repr": "display", 
            "object_id": "1", 
            "change_message": "", 
            "user": 1, 
            "content_type": 39
        }
    }, 
    {
        "pk": 52, 
        "model": "admin.logentry", 
        "fields": {
            "action_flag": 2, 
            "action_time": "2011-05-04 16:37:53", 
            "object_repr": "F from Candace (ID: 6865de9eba)", 
            "object_id": "15", 
            "change_message": "Changed photos.", 
            "user": 1, 
            "content_type": 24
        }
    }, 
    {
        "pk": 51, 
        "model": "admin.logentry", 
        "fields": {
            "action_flag": 1, 
            "action_time": "2011-05-04 16:37:42", 
            "object_repr": "Lamb from Candace (ID 6865de9eb)", 
            "object_id": "1", 
            "change_message": "", 
            "user": 1, 
            "content_type": 36
        }
    }, 
    {
        "pk": 50, 
        "model": "admin.logentry", 
        "fields": {
            "action_flag": 1, 
            "action_time": "2011-05-04 16:35:11", 
            "object_repr": "F from Candace (ID: 6865de9eba)", 
            "object_id": "15", 
            "change_message": "", 
            "user": 1, 
            "content_type": 24
        }
    }, 
    {
        "pk": 49, 
        "model": "admin.logentry", 
        "fields": {
            "action_flag": 1, 
            "action_time": "2011-05-04 16:31:49", 
            "object_repr": "M from Willa (ID: ebf1764718)", 
            "object_id": "14", 
            "change_message": "", 
            "user": 1, 
            "content_type": 24
        }
    }, 
    {
        "pk": 48, 
        "model": "admin.logentry", 
        "fields": {
            "action_flag": 1, 
            "action_time": "2011-05-04 16:29:39", 
            "object_repr": "Willa a Large black Pig", 
            "object_id": "13", 
            "change_message": "", 
            "user": 1, 
            "content_type": 24
        }
    }, 
    {
        "pk": 47, 
        "model": "admin.logentry", 
        "fields": {
            "action_flag": 1, 
            "action_time": "2011-05-04 16:29:02", 
            "object_repr": "Gloucestershire Old Spot Pig", 
            "object_id": "10", 
            "change_message": "", 
            "user": 1, 
            "content_type": 21
        }
    }, 
    {
        "pk": 46, 
        "model": "admin.logentry", 
        "fields": {
            "action_flag": 1, 
            "action_time": "2011-05-04 16:01:51", 
            "object_repr": "Candace a Tunis Sheep", 
            "object_id": "12", 
            "change_message": "", 
            "user": 1, 
            "content_type": 24
        }
    }, 
    {
        "pk": 45, 
        "model": "admin.logentry", 
        "fields": {
            "action_flag": 1, 
            "action_time": "2011-05-04 15:38:29", 
            "object_repr": "F from Gertrude - Red wattle Pig (ID: c7515c6450)", 
            "object_id": "11", 
            "change_message": "", 
            "user": 1, 
            "content_type": 24
        }
    }, 
    {
        "pk": 44, 
        "model": "admin.logentry", 
        "fields": {
            "action_flag": 1, 
            "action_time": "2011-05-04 15:36:02", 
            "object_repr": "Child of Gertrude - Red wattle Pig (ID: 55720d5eec)", 
            "object_id": "10", 
            "change_message": "", 
            "user": 1, 
            "content_type": 24
        }
    }, 
    {
        "pk": 43, 
        "model": "admin.logentry", 
        "fields": {
            "action_flag": 1, 
            "action_time": "2011-05-04 15:34:51", 
            "object_repr": "Child of Gertrude - Red wattle Pig (ID: c66ce68a09)", 
            "object_id": "9", 
            "change_message": "", 
            "user": 1, 
            "content_type": 24
        }
    }, 
    {
        "pk": 42, 
        "model": "admin.logentry", 
        "fields": {
            "action_flag": 1, 
            "action_time": "2011-05-04 15:33:24", 
            "object_repr": "Child of Gertrude - Red wattle Pig (ID: a77b6fed15)", 
            "object_id": "8", 
            "change_message": "", 
            "user": 1, 
            "content_type": 24
        }
    }, 
    {
        "pk": 41, 
        "model": "admin.logentry", 
        "fields": {
            "action_flag": 1, 
            "action_time": "2011-05-04 15:32:32", 
            "object_repr": "Child of Gertrude - Red wattle Pig (ID: 2bc6937129)", 
            "object_id": "7", 
            "change_message": "", 
            "user": 1, 
            "content_type": 24
        }
    }, 
    {
        "pk": 40, 
        "model": "admin.logentry", 
        "fields": {
            "action_flag": 1, 
            "action_time": "2011-05-04 15:31:42", 
            "object_repr": "Child of Gertrude - Red wattle Pig (ID: 0600c6a2d8)", 
            "object_id": "6", 
            "change_message": "", 
            "user": 1, 
            "content_type": 24
        }
    }, 
    {
        "pk": 39, 
        "model": "admin.logentry", 
        "fields": {
            "action_flag": 1, 
            "action_time": "2011-05-04 15:31:01", 
            "object_repr": "Child of Gertrude - Red wattle Pig (ID: bcb07537c3)", 
            "object_id": "5", 
            "change_message": "", 
            "user": 1, 
            "content_type": 24
        }
    }, 
    {
        "pk": 38, 
        "model": "admin.logentry", 
        "fields": {
            "action_flag": 1, 
            "action_time": "2011-05-04 15:30:18", 
            "object_repr": "Child of Gertrude - Red wattle Pig (ID: efebf0a188)", 
            "object_id": "4", 
            "change_message": "", 
            "user": 1, 
            "content_type": 24
        }
    }, 
    {
        "pk": 37, 
        "model": "admin.logentry", 
        "fields": {
            "action_flag": 1, 
            "action_time": "2011-05-04 15:29:28", 
            "object_repr": "Child of Gertrude - Red wattle Pig (ID: fed57e0ffb)", 
            "object_id": "3", 
            "change_message": "", 
            "user": 1, 
            "content_type": 24
        }
    }, 
    {
        "pk": 36, 
        "model": "admin.logentry", 
        "fields": {
            "action_flag": 1, 
            "action_time": "2011-05-04 15:28:58", 
            "object_repr": "Merriweather - Red wattle Pig", 
            "object_id": "2", 
            "change_message": "", 
            "user": 1, 
            "content_type": 24
        }
    }, 
    {
        "pk": 35, 
        "model": "admin.logentry", 
        "fields": {
            "action_flag": 1, 
            "action_time": "2011-05-04 15:28:19", 
            "object_repr": "Gertrude - Red wattle Pig", 
            "object_id": "1", 
            "change_message": "", 
            "user": 1, 
            "content_type": 24
        }
    }, 
    {
        "pk": 34, 
        "model": "admin.logentry", 
        "fields": {
            "action_flag": 1, 
            "action_time": "2011-05-04 15:24:19", 
            "object_repr": "Merriweather - Red wattle Pig", 
            "object_id": "2", 
            "change_message": "", 
            "user": 1, 
            "content_type": 24
        }
    }, 
    {
        "pk": 33, 
        "model": "admin.logentry", 
        "fields": {
            "action_flag": 1, 
            "action_time": "2011-05-04 15:23:32", 
            "object_repr": "Gertrude - Red wattle Pig", 
            "object_id": "1", 
            "change_message": "", 
            "user": 1, 
            "content_type": 24
        }
    }, 
    {
        "pk": 32, 
        "model": "admin.logentry", 
        "fields": {
            "action_flag": 1, 
            "action_time": "2011-05-04 15:18:26", 
            "object_repr": "Bean's Corner Farm", 
            "object_id": "2", 
            "change_message": "", 
            "user": 1, 
            "content_type": 19
        }
    }, 
    {
        "pk": 31, 
        "model": "admin.logentry", 
        "fields": {
            "action_flag": 1, 
            "action_time": "2011-05-04 15:17:45", 
            "object_repr": "Timberwyck Farm", 
            "object_id": "1", 
            "change_message": "", 
            "user": 1, 
            "content_type": 19
        }
    }, 
    {
        "pk": 30, 
        "model": "admin.logentry", 
        "fields": {
            "action_flag": 1, 
            "action_time": "2011-05-04 15:09:15", 
            "object_repr": "Timberwyck Farm", 
            "object_id": "1", 
            "change_message": "", 
            "user": 1, 
            "content_type": 19
        }
    }, 
    {
        "pk": 29, 
        "model": "admin.logentry", 
        "fields": {
            "action_flag": 1, 
            "action_time": "2011-05-04 14:46:24", 
            "object_repr": "Narragansett Turkey", 
            "object_id": "9", 
            "change_message": "", 
            "user": 1, 
            "content_type": 21
        }
    }, 
    {
        "pk": 28, 
        "model": "admin.logentry", 
        "fields": {
            "action_flag": 1, 
            "action_time": "2011-05-04 14:46:06", 
            "object_repr": "Katahdin Sheep", 
            "object_id": "8", 
            "change_message": "", 
            "user": 1, 
            "content_type": 21
        }
    }, 
    {
        "pk": 27, 
        "model": "admin.logentry", 
        "fields": {
            "action_flag": 1, 
            "action_time": "2011-05-04 14:45:48", 
            "object_repr": "Dwarf nigerian Goat", 
            "object_id": "7", 
            "change_message": "", 
            "user": 1, 
            "content_type": 21
        }
    }, 
    {
        "pk": 26, 
        "model": "admin.logentry", 
        "fields": {
            "action_flag": 1, 
            "action_time": "2011-05-04 14:45:12", 
            "object_repr": "Nubian Goat", 
            "object_id": "6", 
            "change_message": "", 
            "user": 1, 
            "content_type": 21
        }
    }, 
    {
        "pk": 25, 
        "model": "admin.logentry", 
        "fields": {
            "action_flag": 1, 
            "action_time": "2011-05-04 14:44:59", 
            "object_repr": "Boer Goat", 
            "object_id": "5", 
            "change_message": "", 
            "user": 1, 
            "content_type": 21
        }
    }, 
    {
        "pk": 24, 
        "model": "admin.logentry", 
        "fields": {
            "action_flag": 1, 
            "action_time": "2011-05-04 14:44:44", 
            "object_repr": "Tunis Sheep", 
            "object_id": "4", 
            "change_message": "", 
            "user": 1, 
            "content_type": 21
        }
    }, 
    {
        "pk": 23, 
        "model": "admin.logentry", 
        "fields": {
            "action_flag": 1, 
            "action_time": "2011-05-04 14:44:05", 
            "object_repr": "Tamworth Pig", 
            "object_id": "3", 
            "change_message": "", 
            "user": 1, 
            "content_type": 21
        }
    }, 
    {
        "pk": 22, 
        "model": "admin.logentry", 
        "fields": {
            "action_flag": 1, 
            "action_time": "2011-05-04 14:43:38", 
            "object_repr": "Large black Pig", 
            "object_id": "2", 
            "change_message": "", 
            "user": 1, 
            "content_type": 21
        }
    }, 
    {
        "pk": 21, 
        "model": "admin.logentry", 
        "fields": {
            "action_flag": 1, 
            "action_time": "2011-05-04 14:43:25", 
            "object_repr": "Red wattle Pig", 
            "object_id": "1", 
            "change_message": "", 
            "user": 1, 
            "content_type": 21
        }
    }, 
    {
        "pk": 20, 
        "model": "admin.logentry", 
        "fields": {
            "action_flag": 1, 
            "action_time": "2011-05-04 14:41:57", 
            "object_repr": "Turkey", 
            "object_id": "6", 
            "change_message": "", 
            "user": 1, 
            "content_type": 40
        }
    }, 
    {
        "pk": 19, 
        "model": "admin.logentry", 
        "fields": {
            "action_flag": 1, 
            "action_time": "2011-05-04 14:39:46", 
            "object_repr": "Guineafowl", 
            "object_id": "5", 
            "change_message": "", 
            "user": 1, 
            "content_type": 40
        }
    }, 
    {
        "pk": 18, 
        "model": "admin.logentry", 
        "fields": {
            "action_flag": 1, 
            "action_time": "2011-05-04 14:37:45", 
            "object_repr": "Chicken", 
            "object_id": "4", 
            "change_message": "", 
            "user": 1, 
            "content_type": 40
        }
    }, 
    {
        "pk": 17, 
        "model": "admin.logentry", 
        "fields": {
            "action_flag": 1, 
            "action_time": "2011-05-04 14:36:38", 
            "object_repr": "Pig", 
            "object_id": "3", 
            "change_message": "", 
            "user": 1, 
            "content_type": 40
        }
    }, 
    {
        "pk": 16, 
        "model": "admin.logentry", 
        "fields": {
            "action_flag": 1, 
            "action_time": "2011-05-04 14:35:26", 
            "object_repr": "Goat", 
            "object_id": "2", 
            "change_message": "", 
            "user": 1, 
            "content_type": 40
        }
    }, 
    {
        "pk": 15, 
        "model": "admin.logentry", 
        "fields": {
            "action_flag": 1, 
            "action_time": "2011-05-04 14:35:03", 
            "object_repr": "Sheep", 
            "object_id": "1", 
            "change_message": "", 
            "user": 1, 
            "content_type": 40
        }
    }, 
    {
        "pk": 14, 
        "model": "admin.logentry", 
        "fields": {
            "action_flag": 1, 
            "action_time": "2011-05-04 14:32:48", 
            "object_repr": "Horse", 
            "object_id": "8", 
            "change_message": "", 
            "user": 1, 
            "content_type": 40
        }
    }, 
    {
        "pk": 13, 
        "model": "admin.logentry", 
        "fields": {
            "action_flag": 1, 
            "action_time": "2011-05-04 14:32:22", 
            "object_repr": "Duck", 
            "object_id": "7", 
            "change_message": "", 
            "user": 1, 
            "content_type": 40
        }
    }, 
    {
        "pk": 12, 
        "model": "admin.logentry", 
        "fields": {
            "action_flag": 2, 
            "action_time": "2011-05-04 14:31:54", 
            "object_repr": "Guineafowl", 
            "object_id": "6", 
            "change_message": "Changed title.", 
            "user": 1, 
            "content_type": 40
        }
    }, 
    {
        "pk": 11, 
        "model": "admin.logentry", 
        "fields": {
            "action_flag": 1, 
            "action_time": "2011-05-04 14:31:40", 
            "object_repr": "Guinea Fowl", 
            "object_id": "6", 
            "change_message": "", 
            "user": 1, 
            "content_type": 40
        }
    }, 
    {
        "pk": 10, 
        "model": "admin.logentry", 
        "fields": {
            "action_flag": 1, 
            "action_time": "2011-05-04 14:30:32", 
            "object_repr": "Chicken", 
            "object_id": "5", 
            "change_message": "", 
            "user": 1, 
            "content_type": 40
        }
    }, 
    {
        "pk": 9, 
        "model": "admin.logentry", 
        "fields": {
            "action_flag": 1, 
            "action_time": "2011-05-04 14:28:46", 
            "object_repr": "Capra", 
            "object_id": "4", 
            "change_message": "", 
            "user": 1, 
            "content_type": 40
        }
    }, 
    {
        "pk": 8, 
        "model": "admin.logentry", 
        "fields": {
            "action_flag": 1, 
            "action_time": "2011-05-04 14:25:39", 
            "object_repr": "Pig", 
            "object_id": "3", 
            "change_message": "", 
            "user": 1, 
            "content_type": 40
        }
    }, 
    {
        "pk": 7, 
        "model": "admin.logentry", 
        "fields": {
            "action_flag": 1, 
            "action_time": "2011-05-04 14:25:29", 
            "object_repr": "Goat", 
            "object_id": "2", 
            "change_message": "", 
            "user": 1, 
            "content_type": 40
        }
    }, 
    {
        "pk": 6, 
        "model": "admin.logentry", 
        "fields": {
            "action_flag": 1, 
            "action_time": "2011-05-04 14:25:19", 
            "object_repr": "Sheep", 
            "object_id": "1", 
            "change_message": "", 
            "user": 1, 
            "content_type": 40
        }
    }, 
    {
        "pk": 5, 
        "model": "admin.logentry", 
        "fields": {
            "action_flag": 1, 
            "action_time": "2011-05-04 13:54:30", 
            "object_repr": "Candace - Tunis Sheep", 
            "object_id": "1", 
            "change_message": "", 
            "user": 1, 
            "content_type": 24
        }
    }, 
    {
        "pk": 4, 
        "model": "admin.logentry", 
        "fields": {
            "action_flag": 1, 
            "action_time": "2011-05-04 13:50:19", 
            "object_repr": "Lambing", 
            "object_id": "1", 
            "change_message": "", 
            "user": 1, 
            "content_type": 32
        }
    }, 
    {
        "pk": 3, 
        "model": "admin.logentry", 
        "fields": {
            "action_flag": 1, 
            "action_time": "2011-05-04 13:49:43", 
            "object_repr": "Tunis Sheep", 
            "object_id": "1", 
            "change_message": "", 
            "user": 1, 
            "content_type": 21
        }
    }, 
    {
        "pk": 1, 
        "model": "admin.logentry", 
        "fields": {
            "action_flag": 1, 
            "action_time": "2011-05-04 13:40:01", 
            "object_repr": "Candace gives birth", 
            "object_id": "1", 
            "change_message": "", 
            "user": 1, 
            "content_type": 17
        }
    }, 
    {
        "pk": 1, 
        "model": "easy_thumbnails.source", 
        "fields": {
            "name": "attach/2011/candace-gives-birth/candace-and-baby.jpg", 
            "storage_hash": "f9bde26a1556cd667f742bd34ec7c55e", 
            "modified": "2011-05-04 13:40:01"
        }
    }, 
    {
        "pk": 2, 
        "model": "easy_thumbnails.source", 
        "fields": {
            "name": "attach/2011/piglets-enjoy-sun/DSC_4001.JPG", 
            "storage_hash": "f9bde26a1556cd667f742bd34ec7c55e", 
            "modified": "2011-05-06 22:38:35"
        }
    }, 
    {
        "pk": 3, 
        "model": "easy_thumbnails.source", 
        "fields": {
            "name": "attach/2011/piglets-enjoy-sun/DSC_4005.JPG", 
            "storage_hash": "f9bde26a1556cd667f742bd34ec7c55e", 
            "modified": "2011-05-09 08:59:02"
        }
    }, 
    {
        "pk": 4, 
        "model": "easy_thumbnails.source", 
        "fields": {
            "name": "attach/2011/piglets-enjoy-sun/DSC_4008.JPG", 
            "storage_hash": "f9bde26a1556cd667f742bd34ec7c55e", 
            "modified": "2011-05-09 08:59:02"
        }
    }, 
    {
        "pk": 1, 
        "model": "easy_thumbnails.thumbnail", 
        "fields": {
            "source": 1, 
            "name": "attach/2011/candace-gives-birth/candace-and-baby.jpg.500x220_q85_crop.jpg", 
            "storage_hash": "d26becbf46ac48eda79c7a39a13a02dd", 
            "modified": "2011-05-04 13:40:09"
        }
    }, 
    {
        "pk": 2, 
        "model": "easy_thumbnails.thumbnail", 
        "fields": {
            "source": 1, 
            "name": "attach/2011/candace-gives-birth/candace-and-baby.jpg.620x0_q85.jpg", 
            "storage_hash": "d26becbf46ac48eda79c7a39a13a02dd", 
            "modified": "2011-05-04 13:41:55"
        }
    }, 
    {
        "pk": 3, 
        "model": "easy_thumbnails.thumbnail", 
        "fields": {
            "source": 2, 
            "name": "attach/2011/piglets-enjoy-sun/DSC_4001.JPG.500x220_q85_crop.jpg", 
            "storage_hash": "d26becbf46ac48eda79c7a39a13a02dd", 
            "modified": "2011-05-06 22:39:14"
        }
    }, 
    {
        "pk": 4, 
        "model": "easy_thumbnails.thumbnail", 
        "fields": {
            "source": 2, 
            "name": "attach/2011/piglets-enjoy-sun/DSC_4001.JPG.620x0_q85.jpg", 
            "storage_hash": "d26becbf46ac48eda79c7a39a13a02dd", 
            "modified": "2011-05-06 22:39:40"
        }
    }, 
    {
        "pk": 5, 
        "model": "easy_thumbnails.thumbnail", 
        "fields": {
            "source": 3, 
            "name": "attach/2011/piglets-enjoy-sun/DSC_4005.JPG.500x220_q85_crop.jpg", 
            "storage_hash": "d26becbf46ac48eda79c7a39a13a02dd", 
            "modified": "2011-05-09 08:59:15"
        }
    }, 
    {
        "pk": 6, 
        "model": "easy_thumbnails.thumbnail", 
        "fields": {
            "source": 4, 
            "name": "attach/2011/piglets-enjoy-sun/DSC_4008.JPG.500x220_q85_crop.jpg", 
            "storage_hash": "d26becbf46ac48eda79c7a39a13a02dd", 
            "modified": "2011-05-09 08:59:20"
        }
    }, 
    {
        "pk": 7, 
        "model": "easy_thumbnails.thumbnail", 
        "fields": {
            "source": 3, 
            "name": "attach/2011/piglets-enjoy-sun/DSC_4005.JPG.620x0_q85.jpg", 
            "storage_hash": "d26becbf46ac48eda79c7a39a13a02dd", 
            "modified": "2011-05-09 09:01:18"
        }
    }, 
    {
        "pk": 8, 
        "model": "easy_thumbnails.thumbnail", 
        "fields": {
            "source": 4, 
            "name": "attach/2011/piglets-enjoy-sun/DSC_4008.JPG.620x0_q85.jpg", 
            "storage_hash": "d26becbf46ac48eda79c7a39a13a02dd", 
            "modified": "2011-05-09 09:01:23"
        }
    }, 
    {
        "pk": 1, 
        "model": "attributes.attributeoption", 
        "fields": {
            "validation": "attributes.utils.validation_integer", 
            "sort_order": 1, 
            "description": "Number of siblings", 
            "error_message": "Must be a non-negative integer.", 
            "name": "Siblings"
        }
    }, 
    {
        "pk": 2, 
        "model": "attributes.attributeoption", 
        "fields": {
            "validation": "attributes.utils.validation_simple", 
            "sort_order": 1, 
            "description": "Hair color", 
            "error_message": "Invalid Entry", 
            "name": "color"
        }
    }, 
    {
        "pk": 3, 
        "model": "attributes.attributeoption", 
        "fields": {
            "validation": "attributes.utils.validation_integer", 
            "sort_order": 2, 
            "description": "Wattles", 
            "error_message": "Invalid Entry", 
            "name": "wattles"
        }
    }, 
    {
        "pk": 4, 
        "model": "attributes.attributeoption", 
        "fields": {
            "validation": "attributes.utils.validation_yesno", 
            "sort_order": 1, 
            "description": "Polled", 
            "error_message": "Must be yes or no", 
            "name": "polled"
        }
    }, 
    {
        "pk": 11, 
        "model": "articles.tag", 
        "fields": {
            "name": "animals"
        }
    }, 
    {
        "pk": 2, 
        "model": "articles.tag", 
        "fields": {
            "name": "birth"
        }
    }, 
    {
        "pk": 1, 
        "model": "articles.tag", 
        "fields": {
            "name": "candace"
        }
    }, 
    {
        "pk": 3, 
        "model": "articles.tag", 
        "fields": {
            "name": "ewe"
        }
    }, 
    {
        "pk": 10, 
        "model": "articles.tag", 
        "fields": {
            "name": "garden"
        }
    }, 
    {
        "pk": 6, 
        "model": "articles.tag", 
        "fields": {
            "name": "healthy"
        }
    }, 
    {
        "pk": 7, 
        "model": "articles.tag", 
        "fields": {
            "name": "lambing"
        }
    }, 
    {
        "pk": 12, 
        "model": "articles.tag", 
        "fields": {
            "name": "pasture"
        }
    }, 
    {
        "pk": 8, 
        "model": "articles.tag", 
        "fields": {
            "name": "piglets"
        }
    }, 
    {
        "pk": 13, 
        "model": "articles.tag", 
        "fields": {
            "name": "ruminants"
        }
    }, 
    {
        "pk": 4, 
        "model": "articles.tag", 
        "fields": {
            "name": "sheep"
        }
    }, 
    {
        "pk": 14, 
        "model": "articles.tag", 
        "fields": {
            "name": "shelter"
        }
    }, 
    {
        "pk": 9, 
        "model": "articles.tag", 
        "fields": {
            "name": "spring"
        }
    }, 
    {
        "pk": 5, 
        "model": "articles.tag", 
        "fields": {
            "name": "tunis"
        }
    }, 
    {
        "pk": 1, 
        "model": "articles.articlestatus", 
        "fields": {
            "ordering": 0, 
            "is_live": false, 
            "name": "Draft"
        }
    }, 
    {
        "pk": 2, 
        "model": "articles.articlestatus", 
        "fields": {
            "ordering": 1, 
            "is_live": true, 
            "name": "Finished"
        }
    }, 
    {
        "pk": 2, 
        "model": "articles.article", 
        "fields": {
            "status": 2, 
            "rendered_content": "<p>We are in the process of a major upheaval as the warm weather is forcing us to get our animals outside into appropriate spaces. Sure, we could leave the ruminants on the space the defoliated at the end of last year, and we could keep the pigs inside a little longer. But no animals would be happy with that.</p>\n<p>So I spent the day today setting up a new enclosure for our boys and considering how I will go about setting up a new pasture in our orchard for the sheep and goats. Emma has a crazy idea about how to build a shelter using only materials found on the farm. It's like a game show, but instead of a cool prize, we're motivated by mind-numbing poverty. </p>\n<p>Of course, with all the animals, a healthy baby girl and our health, it's hard to consider ourselves poor. Cash flow is tight, but it's hard to not feel hopeful when spring comes around.</p>\n<p>Besides getting the piglets out in the sun and our plan to get the ruminants on a fresh pasture, we had a marvelously productive weekend last week and got a lot of our garden squared away. Greens are in, as are peas, onion sets and brassicas (cabbage, broccoli, etc.). Hard work pays off, and while it may not seem apparent when you're struggling through a crappy garden year, there is work going all the time that gets paid forward.</p>", 
            "auto_tag": true, 
            "addthis_username": "powellc", 
            "description": "<p>We are in the process of a major upheaval as the warm weather is forcing us to get our animals outside into appropriate spaces. Sure, we could leave the ruminants on the space the defoliated at the end of last year, and we could keep the pigs inside a little longer. But no animals would be happy with that.</p>\r\n<p>So I spent the day today setting up a new enclosure for our boys and considering how...", 
            "addthis_use_author": true, 
            "author": 1, 
            "expiration_date": null, 
            "markup": "m", 
            "title": "Piglets enjoy sun", 
            "is_active": true, 
            "sites": [], 
            "use_addthis_button": true, 
            "content": "We are in the process of a major upheaval as the warm weather is forcing us to get our animals outside into appropriate spaces. Sure, we could leave the ruminants on the space the defoliated at the end of last year, and we could keep the pigs inside a little longer. But no animals would be happy with that.\r\n\r\nSo I spent the day today setting up a new enclosure for our boys and considering how I will go about setting up a new pasture in our orchard for the sheep and goats. Emma has a crazy idea about how to build a shelter using only materials found on the farm. It's like a game show, but instead of a cool prize, we're motivated by mind-numbing poverty. \r\n\r\nOf course, with all the animals, a healthy baby girl and our health, it's hard to consider ourselves poor. Cash flow is tight, but it's hard to not feel hopeful when spring comes around.\r\n\r\nBesides getting the piglets out in the sun and our plan to get the ruminants on a fresh pasture, we had a marvelously productive weekend last week and got a lot of our garden squared away. Greens are in, as are peas, onion sets and brassicas (cabbage, broccoli, etc.). Hard work pays off, and while it may not seem apparent when you're struggling through a crappy garden year, there is work going all the time that gets paid forward.", 
            "login_required": false, 
            "publish_date": "2011-05-06 22:31:36", 
            "related_articles": [], 
            "keywords": "animals, garden, healthy, pasture, piglets, ruminants, sheep, shelter, spring", 
            "followup_for": [], 
            "slug": "piglets-enjoy-sun", 
            "tags": [
                11, 
                10, 
                6, 
                12, 
                8, 
                13, 
                4, 
                14, 
                9
            ]
        }
    }, 
    {
        "pk": 1, 
        "model": "articles.article", 
        "fields": {
            "status": 2, 
            "rendered_content": "<p>Our one pregnant ewe, Candace, gave birth to one healthy lamb last night. The Tunis lambs are red, red, red and beautiful.</p>", 
            "auto_tag": true, 
            "addthis_username": "powellc", 
            "description": "<p>Our one pregnant ewe, Candace, gave birth to one healthy lamb last night. The Tunis lambs are red, red, red and beautiful.</p>", 
            "addthis_use_author": true, 
            "author": 1, 
            "expiration_date": null, 
            "markup": "m", 
            "title": "Candace gives birth", 
            "is_active": true, 
            "sites": [
                1
            ], 
            "use_addthis_button": true, 
            "content": "Our one pregnant ewe, Candace, gave birth to one healthy lamb last night. The Tunis lambs are red, red, red and beautiful.", 
            "login_required": false, 
            "publish_date": "2011-05-04 13:35:50", 
            "related_articles": [], 
            "keywords": "birth, candace, ewe, healthy, tunis", 
            "followup_for": [], 
            "slug": "candace-gives-birth", 
            "tags": [
                2, 
                1, 
                3, 
                6, 
                7, 
                4, 
                5
            ]
        }
    }, 
    {
        "pk": 1, 
        "model": "articles.attachment", 
        "fields": {
            "article": 1, 
            "attachment": "attach/2011/candace-gives-birth/candace-and-baby.jpg", 
            "caption": ""
        }
    }, 
    {
        "pk": 2, 
        "model": "articles.attachment", 
        "fields": {
            "article": 2, 
            "attachment": "attach/2011/piglets-enjoy-sun/DSC_4001.JPG", 
            "caption": "One of Gertrude's little ones salutes the sun."
        }
    }, 
    {
        "pk": 3, 
        "model": "articles.attachment", 
        "fields": {
            "article": 2, 
            "attachment": "attach/2011/piglets-enjoy-sun/DSC_4005.JPG", 
            "caption": "Piglet!"
        }
    }, 
    {
        "pk": 4, 
        "model": "articles.attachment", 
        "fields": {
            "article": 2, 
            "attachment": "attach/2011/piglets-enjoy-sun/DSC_4008.JPG", 
            "caption": "Piglets enjoying the warmth of the sun."
        }
    }, 
    {
        "pk": 1, 
        "model": "farm.farm", 
        "fields": {
            "town": "Castine", 
            "lat_long": "", 
            "description": "", 
            "created": "2011-05-04 15:17:44", 
            "title": "Timberwyck Farm", 
            "zipcode": "04421", 
            "modified": "2011-05-04 15:17:44", 
            "phone": "207-326-1014", 
            "state": "ME", 
            "contact": "Colin Powell", 
            "address": "432 The Shore Road", 
            "active": true, 
            "slug": "timberwyck-farm"
        }
    }, 
    {
        "pk": 2, 
        "model": "farm.farm", 
        "fields": {
            "town": "Montville", 
            "lat_long": "", 
            "description": "", 
            "created": "2011-05-04 15:18:25", 
            "title": "Bean's Corner Farm", 
            "zipcode": "04941", 
            "modified": "2011-05-04 15:18:25", 
            "phone": "207-342-4829", 
            "state": "ME", 
            "contact": "Mary Thompson", 
            "address": "543 Center Road", 
            "active": false, 
            "slug": "beans-corner-farm"
        }
    }, 
    {
        "pk": 3, 
        "model": "farm.farm", 
        "fields": {
            "town": "Penobscot", 
            "lat_long": "", 
            "description": "", 
            "created": "2011-05-05 00:28:06", 
            "title": "King Hill Farm", 
            "zipcode": "04476", 
            "modified": "2011-05-05 00:28:06", 
            "phone": "207-326-9701", 
            "state": "ME", 
            "contact": "Jo Barrett", 
            "address": "29 Faerie Kingdom Rd", 
            "active": false, 
            "slug": "king-hill-farm"
        }
    }, 
    {
        "pk": 1, 
        "model": "farm.genus", 
        "fields": {
            "description": "", 
            "plural_name": "Sheep", 
            "slug": "sheep", 
            "technical_name": "Ovis", 
            "title": "Sheep"
        }
    }, 
    {
        "pk": 2, 
        "model": "farm.genus", 
        "fields": {
            "description": "", 
            "plural_name": null, 
            "slug": "goat", 
            "technical_name": "Capra", 
            "title": "Goat"
        }
    }, 
    {
        "pk": 3, 
        "model": "farm.genus", 
        "fields": {
            "description": "", 
            "plural_name": null, 
            "slug": "pig", 
            "technical_name": "Sus", 
            "title": "Pig"
        }
    }, 
    {
        "pk": 4, 
        "model": "farm.genus", 
        "fields": {
            "description": "", 
            "plural_name": null, 
            "slug": "chicken", 
            "technical_name": "Gallus", 
            "title": "Chicken"
        }
    }, 
    {
        "pk": 5, 
        "model": "farm.genus", 
        "fields": {
            "description": "", 
            "plural_name": "Guineafowl", 
            "slug": "guineafowl", 
            "technical_name": "Agelastes", 
            "title": "Guineafowl"
        }
    }, 
    {
        "pk": 6, 
        "model": "farm.genus", 
        "fields": {
            "description": "", 
            "plural_name": null, 
            "slug": "turkey", 
            "technical_name": "Meleagris", 
            "title": "Turkey"
        }
    }, 
    {
        "pk": 7, 
        "model": "farm.genus", 
        "fields": {
            "description": "", 
            "plural_name": "", 
            "slug": "duck", 
            "technical_name": "Anatida", 
            "title": "Duck"
        }
    }, 
    {
        "pk": 8, 
        "model": "farm.genus", 
        "fields": {
            "description": "", 
            "plural_name": "Geese", 
            "slug": "goose", 
            "technical_name": "Anatidae", 
            "title": "Goose"
        }
    }, 
    {
        "pk": 1, 
        "model": "farm.breed", 
        "fields": {
            "description": "", 
            "genus": 3, 
            "slug": "red-wattle", 
            "title": "Red Wattle"
        }
    }, 
    {
        "pk": 2, 
        "model": "farm.breed", 
        "fields": {
            "description": "", 
            "genus": 3, 
            "slug": "large-black", 
            "title": "Large Black"
        }
    }, 
    {
        "pk": 3, 
        "model": "farm.breed", 
        "fields": {
            "description": "", 
            "genus": 3, 
            "slug": "tamworth", 
            "title": "Tamworth"
        }
    }, 
    {
        "pk": 4, 
        "model": "farm.breed", 
        "fields": {
            "description": "", 
            "genus": 1, 
            "slug": "tunis", 
            "title": "Tunis"
        }
    }, 
    {
        "pk": 5, 
        "model": "farm.breed", 
        "fields": {
            "description": "", 
            "genus": 2, 
            "slug": "boer", 
            "title": "Boer"
        }
    }, 
    {
        "pk": 6, 
        "model": "farm.breed", 
        "fields": {
            "description": "", 
            "genus": 2, 
            "slug": "nubian", 
            "title": "Nubian"
        }
    }, 
    {
        "pk": 7, 
        "model": "farm.breed", 
        "fields": {
            "description": "", 
            "genus": 2, 
            "slug": "dwarf-nigerian", 
            "title": "Dwarf Nigerian"
        }
    }, 
    {
        "pk": 8, 
        "model": "farm.breed", 
        "fields": {
            "description": "", 
            "genus": 1, 
            "slug": "katahdin", 
            "title": "Katahdin"
        }
    }, 
    {
        "pk": 9, 
        "model": "farm.breed", 
        "fields": {
            "description": "This breed, according to the American Livestock Breed Conservancy, is critically in danger of going extinct. They are a hearty breed that puts on weight faster than many of the heritage turkey breeds and is native to our New England region.\r\n\r\nWe only have one left after purchasing 15 to start a breeding flock in 2009. Olga was one of three that did not wander off and get lost when we put them out to pasture. When slaughter came, the first bird weighed in at a measly 4 lbs. It was too late for the second, as I had already started bleeding her, so that left Olga.\r\n\r\nWe put her in with our laying hens and hoped that she wouldn't be too lonely. After a week or so of general moppiness and calls without response, Olga finally settled into her new life.", 
            "genus": 6, 
            "slug": "narragansett", 
            "title": "Narragansett"
        }
    }, 
    {
        "pk": 10, 
        "model": "farm.breed", 
        "fields": {
            "description": "", 
            "genus": 3, 
            "slug": "gloucestershire-old-spot", 
            "title": "Gloucestershire Old Spot"
        }
    }, 
    {
        "pk": 11, 
        "model": "farm.breed", 
        "fields": {
            "description": "The Broad-brested bronze turkey is a confusing breed. While both varieties of broad-breasted turkeys were largely created as commercial meat birds, the bronze variety finds itself currently being investigated by the American Livestock Breeds Conservancy regarding their status. That suggests there's more the bronze than the white, which is strictly a commercial meat bird.\r\n\r\nWe have opted for both the broad-breasted bronze and white after having a disaster of a time managing heritage Narragansett turkeys. After buying 15 of the former breed, all but 3 wandered off and got lost. Not awesome. While we get our feet under us with turkeys and master the art of clipping wings and making appropriate pasture for them, we've opted for the broad-breasted, which are generally so big that they are flightless.", 
            "genus": 6, 
            "slug": "broad-breasted-bronze", 
            "title": "Broad-breasted Bronze"
        }
    }, 
    {
        "pk": 12, 
        "model": "farm.breed", 
        "fields": {
            "description": "Commonly referred to as \"Easter eggers\" for their often colorful egg shells, Americanas are a hybrid of the original Auracana. In our experience, it is quite difficult to find true Auracana chickens, and many breeders don't actually differentiate.\r\n\r\nBut for the purposes of maintaining a breed, it is important to realize that the two are different. Ours are the more generic Americana, but they still lay delightfully colorful eggs.", 
            "genus": 4, 
            "slug": "americana", 
            "title": "Americana"
        }
    }, 
    {
        "pk": 1, 
        "model": "farm.secondarybreed", 
        "fields": {
            "percentage": 25, 
            "breed": 3, 
            "object_id": 13, 
            "content_type": 24
        }
    }, 
    {
        "pk": 2, 
        "model": "farm.secondarybreed", 
        "fields": {
            "percentage": 25, 
            "breed": 10, 
            "object_id": 13, 
            "content_type": 24
        }
    }, 
    {
        "pk": 3, 
        "model": "farm.secondarybreed", 
        "fields": {
            "percentage": 33, 
            "breed": 2, 
            "object_id": 14, 
            "content_type": 24
        }
    }, 
    {
        "pk": 4, 
        "model": "farm.secondarybreed", 
        "fields": {
            "percentage": 16, 
            "breed": 3, 
            "object_id": 14, 
            "content_type": 24
        }
    }, 
    {
        "pk": 5, 
        "model": "farm.secondarybreed", 
        "fields": {
            "percentage": 16, 
            "breed": 10, 
            "object_id": 14, 
            "content_type": 24
        }
    }, 
    {
        "pk": 6, 
        "model": "farm.secondarybreed", 
        "fields": {
            "percentage": 25, 
            "breed": 2, 
            "object_id": 18, 
            "content_type": 24
        }
    }, 
    {
        "pk": 7, 
        "model": "farm.secondarybreed", 
        "fields": {
            "percentage": 16, 
            "breed": 3, 
            "object_id": 18, 
            "content_type": 24
        }
    }, 
    {
        "pk": 8, 
        "model": "farm.secondarybreed", 
        "fields": {
            "percentage": 16, 
            "breed": 10, 
            "object_id": 18, 
            "content_type": 24
        }
    }, 
    {
        "pk": 9, 
        "model": "farm.secondarybreed", 
        "fields": {
            "percentage": 25, 
            "breed": 2, 
            "object_id": 19, 
            "content_type": 24
        }
    }, 
    {
        "pk": 10, 
        "model": "farm.secondarybreed", 
        "fields": {
            "percentage": 16, 
            "breed": 10, 
            "object_id": 19, 
            "content_type": 24
        }
    }, 
    {
        "pk": 11, 
        "model": "farm.secondarybreed", 
        "fields": {
            "percentage": 16, 
            "breed": 3, 
            "object_id": 19, 
            "content_type": 24
        }
    }, 
    {
        "pk": 12, 
        "model": "farm.secondarybreed", 
        "fields": {
            "percentage": 25, 
            "breed": 2, 
            "object_id": 20, 
            "content_type": 24
        }
    }, 
    {
        "pk": 13, 
        "model": "farm.secondarybreed", 
        "fields": {
            "percentage": 16, 
            "breed": 3, 
            "object_id": 20, 
            "content_type": 24
        }
    }, 
    {
        "pk": 14, 
        "model": "farm.secondarybreed", 
        "fields": {
            "percentage": 16, 
            "breed": 10, 
            "object_id": 20, 
            "content_type": 24
        }
    }, 
    {
        "pk": 15, 
        "model": "farm.secondarybreed", 
        "fields": {
            "percentage": 25, 
            "breed": 2, 
            "object_id": 21, 
            "content_type": 24
        }
    }, 
    {
        "pk": 16, 
        "model": "farm.secondarybreed", 
        "fields": {
            "percentage": 16, 
            "breed": 3, 
            "object_id": 21, 
            "content_type": 24
        }
    }, 
    {
        "pk": 17, 
        "model": "farm.secondarybreed", 
        "fields": {
            "percentage": 16, 
            "breed": 10, 
            "object_id": 21, 
            "content_type": 24
        }
    }, 
    {
        "pk": 18, 
        "model": "farm.secondarybreed", 
        "fields": {
            "percentage": 25, 
            "breed": 2, 
            "object_id": 22, 
            "content_type": 24
        }
    }, 
    {
        "pk": 19, 
        "model": "farm.secondarybreed", 
        "fields": {
            "percentage": 16, 
            "breed": 3, 
            "object_id": 22, 
            "content_type": 24
        }
    }, 
    {
        "pk": 20, 
        "model": "farm.secondarybreed", 
        "fields": {
            "percentage": 16, 
            "breed": 10, 
            "object_id": 22, 
            "content_type": 24
        }
    }, 
    {
        "pk": 21, 
        "model": "farm.secondarybreed", 
        "fields": {
            "percentage": 25, 
            "breed": 2, 
            "object_id": 23, 
            "content_type": 24
        }
    }, 
    {
        "pk": 22, 
        "model": "farm.secondarybreed", 
        "fields": {
            "percentage": 16, 
            "breed": 3, 
            "object_id": 23, 
            "content_type": 24
        }
    }, 
    {
        "pk": 23, 
        "model": "farm.secondarybreed", 
        "fields": {
            "percentage": 16, 
            "breed": 10, 
            "object_id": 23, 
            "content_type": 24
        }
    }, 
    {
        "pk": 24, 
        "model": "farm.secondarybreed", 
        "fields": {
            "percentage": 25, 
            "breed": 2, 
            "object_id": 24, 
            "content_type": 24
        }
    }, 
    {
        "pk": 25, 
        "model": "farm.secondarybreed", 
        "fields": {
            "percentage": 16, 
            "breed": 3, 
            "object_id": 24, 
            "content_type": 24
        }
    }, 
    {
        "pk": 26, 
        "model": "farm.secondarybreed", 
        "fields": {
            "percentage": 16, 
            "breed": 10, 
            "object_id": 24, 
            "content_type": 24
        }
    }, 
    {
        "pk": 27, 
        "model": "farm.secondarybreed", 
        "fields": {
            "percentage": 25, 
            "breed": 2, 
            "object_id": 25, 
            "content_type": 24
        }
    }, 
    {
        "pk": 28, 
        "model": "farm.secondarybreed", 
        "fields": {
            "percentage": 16, 
            "breed": 3, 
            "object_id": 25, 
            "content_type": 24
        }
    }, 
    {
        "pk": 29, 
        "model": "farm.secondarybreed", 
        "fields": {
            "percentage": 16, 
            "breed": 10, 
            "object_id": 25, 
            "content_type": 24
        }
    }, 
    {
        "pk": 30, 
        "model": "farm.secondarybreed", 
        "fields": {
            "percentage": 25, 
            "breed": 2, 
            "object_id": 26, 
            "content_type": 24
        }
    }, 
    {
        "pk": 31, 
        "model": "farm.secondarybreed", 
        "fields": {
            "percentage": 16, 
            "breed": 3, 
            "object_id": 26, 
            "content_type": 24
        }
    }, 
    {
        "pk": 32, 
        "model": "farm.secondarybreed", 
        "fields": {
            "percentage": 16, 
            "breed": 10, 
            "object_id": 26, 
            "content_type": 24
        }
    }, 
    {
        "pk": 1, 
        "model": "farm.animal", 
        "fields": {
            "alt_breeder": "", 
            "alt_owner": "", 
            "uuid": "e04c0496cf424c90986c0a7af778fa5e", 
            "created": "2011-05-04 15:28:18", 
            "dam": null, 
            "markup": "m", 
            "sire": null, 
            "modified": "2011-05-08 23:18:36", 
            "owner_farm": 1, 
            "sex": "F", 
            "rendered_description": "", 
            "breeder_farm": 2, 
            "birthday": null, 
            "description": "", 
            "deathday": null, 
            "birthtime": null, 
            "photos": [
                4, 
                3
            ], 
            "primary_breed": 1, 
            "slug": "gertrude", 
            "name": "Gertrude"
        }
    }, 
    {
        "pk": 2, 
        "model": "farm.animal", 
        "fields": {
            "alt_breeder": "", 
            "alt_owner": "", 
            "uuid": "a57b704a17004072a08dc70a8d808779", 
            "created": "2011-05-04 15:28:57", 
            "dam": null, 
            "markup": "m", 
            "sire": null, 
            "modified": "2011-05-09 23:59:14", 
            "owner_farm": 1, 
            "sex": "M", 
            "rendered_description": "", 
            "breeder_farm": 2, 
            "birthday": null, 
            "description": "", 
            "deathday": null, 
            "birthtime": null, 
            "photos": [
                5
            ], 
            "primary_breed": 1, 
            "slug": "merriweather", 
            "name": "Merriweather"
        }
    }, 
    {
        "pk": 3, 
        "model": "farm.animal", 
        "fields": {
            "alt_breeder": "", 
            "alt_owner": "", 
            "uuid": "fed57e0ffbcf45b38c72a59db8d0f475", 
            "created": "2011-05-04 15:29:28", 
            "dam": 1, 
            "markup": "m", 
            "sire": 2, 
            "modified": "2011-05-04 15:49:56", 
            "owner_farm": 1, 
            "sex": "M", 
            "rendered_description": "", 
            "breeder_farm": 1, 
            "birthday": "2011-04-23", 
            "description": "", 
            "deathday": null, 
            "birthtime": "19:30:00", 
            "photos": [], 
            "primary_breed": 1, 
            "slug": "fed57e0ffbcf45b38c72a59db8d0f475", 
            "name": ""
        }
    }, 
    {
        "pk": 4, 
        "model": "farm.animal", 
        "fields": {
            "alt_breeder": "", 
            "alt_owner": "", 
            "uuid": "efebf0a188644320ade7baf90a06b053", 
            "created": "2011-05-04 15:30:17", 
            "dam": 1, 
            "markup": "m", 
            "sire": 2, 
            "modified": "2011-05-04 15:49:56", 
            "owner_farm": 1, 
            "sex": "M", 
            "rendered_description": "", 
            "breeder_farm": 1, 
            "birthday": "2011-04-23", 
            "description": "", 
            "deathday": null, 
            "birthtime": "19:30:00", 
            "photos": [], 
            "primary_breed": 1, 
            "slug": "efebf0a188644320ade7baf90a06b053", 
            "name": ""
        }
    }, 
    {
        "pk": 5, 
        "model": "farm.animal", 
        "fields": {
            "alt_breeder": "", 
            "alt_owner": "", 
            "uuid": "bcb07537c3ed48488b6c345105ef5a51", 
            "created": "2011-05-04 15:31:00", 
            "dam": 1, 
            "markup": "m", 
            "sire": 2, 
            "modified": "2011-05-04 15:49:56", 
            "owner_farm": 1, 
            "sex": "M", 
            "rendered_description": "", 
            "breeder_farm": 1, 
            "birthday": "2011-04-23", 
            "description": "", 
            "deathday": null, 
            "birthtime": "19:30:00", 
            "photos": [], 
            "primary_breed": 1, 
            "slug": "bcb07537c3ed48488b6c345105ef5a51", 
            "name": ""
        }
    }, 
    {
        "pk": 6, 
        "model": "farm.animal", 
        "fields": {
            "alt_breeder": "", 
            "alt_owner": "", 
            "uuid": "0600c6a2d82e4a088736a4a16cd1e262", 
            "created": "2011-05-04 15:31:41", 
            "dam": 1, 
            "markup": "m", 
            "sire": 2, 
            "modified": "2011-05-04 15:49:57", 
            "owner_farm": 1, 
            "sex": "M", 
            "rendered_description": "", 
            "breeder_farm": 1, 
            "birthday": "2011-04-23", 
            "description": "", 
            "deathday": null, 
            "birthtime": "19:30:00", 
            "photos": [], 
            "primary_breed": 1, 
            "slug": "0600c6a2d82e4a088736a4a16cd1e262", 
            "name": ""
        }
    }, 
    {
        "pk": 7, 
        "model": "farm.animal", 
        "fields": {
            "alt_breeder": "", 
            "alt_owner": "", 
            "uuid": "2bc69371292d44818433e0ee80435b63", 
            "created": "2011-05-04 15:32:31", 
            "dam": 1, 
            "markup": "m", 
            "sire": 2, 
            "modified": "2011-05-04 15:49:57", 
            "owner_farm": 1, 
            "sex": "M", 
            "rendered_description": "", 
            "breeder_farm": 1, 
            "birthday": "2011-04-23", 
            "description": "", 
            "deathday": "2011-04-25", 
            "birthtime": "19:30:00", 
            "photos": [], 
            "primary_breed": 1, 
            "slug": "2bc69371292d44818433e0ee80435b63", 
            "name": ""
        }
    }, 
    {
        "pk": 8, 
        "model": "farm.animal", 
        "fields": {
            "alt_breeder": "", 
            "alt_owner": "", 
            "uuid": "a77b6fed156444dcba2095056bcb440f", 
            "created": "2011-05-04 15:33:23", 
            "dam": 1, 
            "markup": "m", 
            "sire": 2, 
            "modified": "2011-05-04 15:49:57", 
            "owner_farm": 1, 
            "sex": "F", 
            "rendered_description": "", 
            "breeder_farm": 1, 
            "birthday": "2011-04-23", 
            "description": "", 
            "deathday": "2011-04-25", 
            "birthtime": "19:30:00", 
            "photos": [], 
            "primary_breed": 1, 
            "slug": "a77b6fed156444dcba2095056bcb440f", 
            "name": ""
        }
    }, 
    {
        "pk": 9, 
        "model": "farm.animal", 
        "fields": {
            "alt_breeder": "", 
            "alt_owner": "", 
            "uuid": "c66ce68a09924fc8b92eba317880203b", 
            "created": "2011-05-04 15:34:50", 
            "dam": 1, 
            "markup": "m", 
            "sire": 2, 
            "modified": "2011-05-04 15:49:57", 
            "owner_farm": 1, 
            "sex": "F", 
            "rendered_description": "", 
            "breeder_farm": 1, 
            "birthday": "2011-04-23", 
            "description": "", 
            "deathday": null, 
            "birthtime": "19:30:00", 
            "photos": [], 
            "primary_breed": 1, 
            "slug": "c66ce68a09924fc8b92eba317880203b", 
            "name": ""
        }
    }, 
    {
        "pk": 10, 
        "model": "farm.animal", 
        "fields": {
            "alt_breeder": "", 
            "alt_owner": "", 
            "uuid": "55720d5eec484e5d9d060ba9648f9639", 
            "created": "2011-05-04 15:36:01", 
            "dam": 1, 
            "markup": "m", 
            "sire": 2, 
            "modified": "2011-05-04 15:49:57", 
            "owner_farm": 1, 
            "sex": "F", 
            "rendered_description": "", 
            "breeder_farm": 1, 
            "birthday": "2011-04-23", 
            "description": "", 
            "deathday": null, 
            "birthtime": "19:30:00", 
            "photos": [], 
            "primary_breed": 1, 
            "slug": "55720d5eec484e5d9d060ba9648f9639", 
            "name": ""
        }
    }, 
    {
        "pk": 11, 
        "model": "farm.animal", 
        "fields": {
            "alt_breeder": "", 
            "alt_owner": "", 
            "uuid": "c7515c645050431f84e6026cf2430305", 
            "created": "2011-05-04 15:38:27", 
            "dam": 1, 
            "markup": "m", 
            "sire": 2, 
            "modified": "2011-05-04 15:49:58", 
            "owner_farm": 1, 
            "sex": "F", 
            "rendered_description": "", 
            "breeder_farm": 1, 
            "birthday": "2011-04-23", 
            "description": "", 
            "deathday": null, 
            "birthtime": "19:30:00", 
            "photos": [], 
            "primary_breed": 1, 
            "slug": "c7515c645050431f84e6026cf2430305", 
            "name": ""
        }
    }, 
    {
        "pk": 12, 
        "model": "farm.animal", 
        "fields": {
            "alt_breeder": "Troy Staples of Penobscot, Maine", 
            "alt_owner": "", 
            "uuid": "0ddc1cdcef86476887e445149bd8921a", 
            "created": "2011-05-04 16:01:50", 
            "dam": null, 
            "markup": "m", 
            "sire": null, 
            "modified": "2011-05-06 11:35:09", 
            "owner_farm": 1, 
            "sex": "F", 
            "rendered_description": "<p>Candace came to us from Troy with the nickname PITA, or \"pain in the ass.\"</p>\n<p>\"But she seems like such a sweetheart,\" we naively told Troy upon placing her with the rest of our ruminants. Flash forward two months and she's everywhere you want to be. At that point Troy explained that her nickname was because she loved people so much that she was always hanging out, getting in the way.</p>\n<p>Well, we love her anyway. She was our first Tunis sheep and our first shearing expedition as well as our first bred sheep. She hit a lot of firsts for us and has been great about the whole thing. Now if only we could convince her that Dennis is not the cat's meow.</p>", 
            "breeder_farm": null, 
            "birthday": null, 
            "description": "Candace came to us from Troy with the nickname PITA, or \"pain in the ass.\"\r\n\r\n\"But she seems like such a sweetheart,\" we naively told Troy upon placing her with the rest of our ruminants. Flash forward two months and she's everywhere you want to be. At that point Troy explained that her nickname was because she loved people so much that she was always hanging out, getting in the way.\r\n\r\nWell, we love her anyway. She was our first Tunis sheep and our first shearing expedition as well as our first bred sheep. She hit a lot of firsts for us and has been great about the whole thing. Now if only we could convince her that Dennis is not the cat's meow.", 
            "deathday": null, 
            "birthtime": null, 
            "photos": [
                2
            ], 
            "primary_breed": 4, 
            "slug": "candace", 
            "name": "Candace"
        }
    }, 
    {
        "pk": 13, 
        "model": "farm.animal", 
        "fields": {
            "alt_breeder": "Unknown", 
            "alt_owner": "", 
            "uuid": "c7d519a3b79d4259a7a5948e1076c7e1", 
            "created": "2011-05-04 16:29:37", 
            "dam": null, 
            "markup": "m", 
            "sire": null, 
            "modified": "2011-05-10 10:42:38", 
            "owner_farm": 1, 
            "sex": "F", 
            "rendered_description": "", 
            "breeder_farm": null, 
            "birthday": "2010-04-16", 
            "description": "", 
            "deathday": null, 
            "birthtime": "00:00:00", 
            "photos": [
                8
            ], 
            "primary_breed": 2, 
            "slug": "willa", 
            "name": "Willa"
        }
    }, 
    {
        "pk": 14, 
        "model": "farm.animal", 
        "fields": {
            "alt_breeder": "", 
            "alt_owner": "", 
            "uuid": "ebf17647187440dbbb09dfd312908a15", 
            "created": "2011-05-04 16:31:48", 
            "dam": 13, 
            "markup": "m", 
            "sire": 2, 
            "modified": "2011-05-05 14:32:10", 
            "owner_farm": 1, 
            "sex": "M", 
            "rendered_description": "", 
            "breeder_farm": 1, 
            "birthday": "2011-05-02", 
            "description": "", 
            "deathday": null, 
            "birthtime": "05:00:00", 
            "photos": [], 
            "primary_breed": 1, 
            "slug": "ebf17647187440dbbb09dfd312908a15", 
            "name": ""
        }
    }, 
    {
        "pk": 15, 
        "model": "farm.animal", 
        "fields": {
            "alt_breeder": "", 
            "alt_owner": "", 
            "uuid": "6865de9eba6640559452b8fe95f60f54", 
            "created": "2011-05-04 16:35:10", 
            "dam": 12, 
            "markup": "m", 
            "sire": null, 
            "modified": "2011-05-09 23:22:27", 
            "owner_farm": 1, 
            "sex": "F", 
            "rendered_description": "<p>Adele was born to Candace in May, a healthy and calm singleton.</p>", 
            "breeder_farm": 1, 
            "birthday": "2011-05-03", 
            "description": "Adele was born to Candace in May, a healthy and calm singleton.", 
            "deathday": null, 
            "birthtime": "17:30:00", 
            "photos": [
                1
            ], 
            "primary_breed": 4, 
            "slug": "adele", 
            "name": "Adele"
        }
    }, 
    {
        "pk": 16, 
        "model": "farm.animal", 
        "fields": {
            "alt_breeder": "", 
            "alt_owner": "", 
            "uuid": "2b95148ac483434cb8fc85fac294d0e5", 
            "created": "2011-05-05 00:28:37", 
            "dam": null, 
            "markup": "m", 
            "sire": null, 
            "modified": "2011-05-10 10:03:48", 
            "owner_farm": 1, 
            "sex": "M", 
            "rendered_description": "<p>Frank came to us from King Hill Farm where his mother died while birthing a second lamb. With a policy of no bottle babies, we offered to take him and one other lamb. Some days we regret the decision, most days we don't.</p>", 
            "breeder_farm": 3, 
            "birthday": "2011-03-28", 
            "description": "Frank came to us from King Hill Farm where his mother died while birthing a second lamb. With a policy of no bottle babies, we offered to take him and one other lamb. Some days we regret the decision, most days we don't.", 
            "deathday": null, 
            "birthtime": "00:00:00", 
            "photos": [
                6
            ], 
            "primary_breed": 8, 
            "slug": "frank", 
            "name": "Frank"
        }
    }, 
    {
        "pk": 17, 
        "model": "farm.animal", 
        "fields": {
            "alt_breeder": "", 
            "alt_owner": "", 
            "uuid": "b7d78957b5654ba98fca073cd09d5194", 
            "created": "2011-05-05 00:30:16", 
            "dam": null, 
            "markup": "m", 
            "sire": null, 
            "modified": "2011-05-06 11:36:58", 
            "owner_farm": 1, 
            "sex": "F", 
            "rendered_description": "", 
            "breeder_farm": 3, 
            "birthday": "2011-03-28", 
            "description": "", 
            "deathday": null, 
            "birthtime": null, 
            "photos": [], 
            "primary_breed": 8, 
            "slug": "zoey", 
            "name": "Zoey"
        }
    }, 
    {
        "pk": 18, 
        "model": "farm.animal", 
        "fields": {
            "alt_breeder": "", 
            "alt_owner": "", 
            "uuid": "119260ba832c4d55905540699c2a6666", 
            "created": "2011-05-05 14:33:13", 
            "dam": 13, 
            "markup": "m", 
            "sire": 2, 
            "modified": "2011-05-05 14:33:13", 
            "owner_farm": 1, 
            "sex": "M", 
            "rendered_description": "", 
            "breeder_farm": 1, 
            "birthday": "2011-05-02", 
            "description": "", 
            "deathday": null, 
            "birthtime": "05:00:00", 
            "photos": [], 
            "primary_breed": 1, 
            "slug": "", 
            "name": ""
        }
    }, 
    {
        "pk": 19, 
        "model": "farm.animal", 
        "fields": {
            "alt_breeder": "", 
            "alt_owner": "", 
            "uuid": "fb5a8103edc14f5aa858b2daf2dc3fbe", 
            "created": "2011-05-05 14:34:00", 
            "dam": 13, 
            "markup": "m", 
            "sire": 2, 
            "modified": "2011-05-05 14:34:00", 
            "owner_farm": 1, 
            "sex": "M", 
            "rendered_description": "", 
            "breeder_farm": 1, 
            "birthday": "2011-05-02", 
            "description": "", 
            "deathday": null, 
            "birthtime": "05:00:00", 
            "photos": [], 
            "primary_breed": 1, 
            "slug": "", 
            "name": ""
        }
    }, 
    {
        "pk": 20, 
        "model": "farm.animal", 
        "fields": {
            "alt_breeder": "", 
            "alt_owner": "", 
            "uuid": "69c59a7bcb9f462295bfa330b4ee5b96", 
            "created": "2011-05-05 14:34:41", 
            "dam": 13, 
            "markup": "m", 
            "sire": 2, 
            "modified": "2011-05-05 14:34:41", 
            "owner_farm": 1, 
            "sex": "M", 
            "rendered_description": "", 
            "breeder_farm": 1, 
            "birthday": "2011-05-02", 
            "description": "", 
            "deathday": null, 
            "birthtime": "05:00:00", 
            "photos": [], 
            "primary_breed": 1, 
            "slug": "", 
            "name": ""
        }
    }, 
    {
        "pk": 21, 
        "model": "farm.animal", 
        "fields": {
            "alt_breeder": "", 
            "alt_owner": "", 
            "uuid": "851b18a33cc84d9e86bd31ab5f5282f6", 
            "created": "2011-05-05 14:35:16", 
            "dam": 13, 
            "markup": "m", 
            "sire": 2, 
            "modified": "2011-05-05 14:35:16", 
            "owner_farm": 1, 
            "sex": "M", 
            "rendered_description": "", 
            "breeder_farm": 1, 
            "birthday": "2011-05-02", 
            "description": "", 
            "deathday": null, 
            "birthtime": "05:00:00", 
            "photos": [], 
            "primary_breed": 1, 
            "slug": "", 
            "name": ""
        }
    }, 
    {
        "pk": 22, 
        "model": "farm.animal", 
        "fields": {
            "alt_breeder": "", 
            "alt_owner": "", 
            "uuid": "cc3c10bd3c954b7ab4b25f249825ea2d", 
            "created": "2011-05-05 14:35:54", 
            "dam": 13, 
            "markup": "m", 
            "sire": 2, 
            "modified": "2011-05-05 14:37:14", 
            "owner_farm": 1, 
            "sex": "M", 
            "rendered_description": "", 
            "breeder_farm": 1, 
            "birthday": "2011-05-02", 
            "description": "", 
            "deathday": "2011-05-03", 
            "birthtime": "05:00:00", 
            "photos": [], 
            "primary_breed": 1, 
            "slug": "cc3c10bd3c954b7ab4b25f249825ea2d", 
            "name": ""
        }
    }, 
    {
        "pk": 23, 
        "model": "farm.animal", 
        "fields": {
            "alt_breeder": "", 
            "alt_owner": "", 
            "uuid": "239cbc318c7b4df7a6c717647c513932", 
            "created": "2011-05-05 14:36:30", 
            "dam": 13, 
            "markup": "m", 
            "sire": 2, 
            "modified": "2011-05-05 14:36:30", 
            "owner_farm": 1, 
            "sex": "M", 
            "rendered_description": "", 
            "breeder_farm": 1, 
            "birthday": "2011-05-02", 
            "description": "", 
            "deathday": "2011-05-05", 
            "birthtime": "05:00:00", 
            "photos": [], 
            "primary_breed": 1, 
            "slug": "", 
            "name": ""
        }
    }, 
    {
        "pk": 24, 
        "model": "farm.animal", 
        "fields": {
            "alt_breeder": "", 
            "alt_owner": "", 
            "uuid": "526d1fe4eb284ba3be14073cd321f9b7", 
            "created": "2011-05-05 14:38:04", 
            "dam": 13, 
            "markup": "m", 
            "sire": 2, 
            "modified": "2011-05-05 14:38:05", 
            "owner_farm": 1, 
            "sex": "F", 
            "rendered_description": "", 
            "breeder_farm": 1, 
            "birthday": "2011-05-02", 
            "description": "", 
            "deathday": "2011-05-03", 
            "birthtime": "05:00:00", 
            "photos": [], 
            "primary_breed": 1, 
            "slug": "", 
            "name": ""
        }
    }, 
    {
        "pk": 25, 
        "model": "farm.animal", 
        "fields": {
            "alt_breeder": "", 
            "alt_owner": "", 
            "uuid": "35b9187cb59c438caa081e27cfa37622", 
            "created": "2011-05-05 14:38:39", 
            "dam": 13, 
            "markup": "m", 
            "sire": 2, 
            "modified": "2011-05-05 14:38:39", 
            "owner_farm": 1, 
            "sex": "F", 
            "rendered_description": "", 
            "breeder_farm": 1, 
            "birthday": "2011-05-02", 
            "description": "", 
            "deathday": null, 
            "birthtime": "05:00:00", 
            "photos": [], 
            "primary_breed": 1, 
            "slug": "", 
            "name": ""
        }
    }, 
    {
        "pk": 26, 
        "model": "farm.animal", 
        "fields": {
            "alt_breeder": "", 
            "alt_owner": "", 
            "uuid": "86926ffa1f794b64b29fc541087008cd", 
            "created": "2011-05-05 14:39:12", 
            "dam": 13, 
            "markup": "m", 
            "sire": 2, 
            "modified": "2011-05-05 14:39:12", 
            "owner_farm": 1, 
            "sex": "F", 
            "rendered_description": "", 
            "breeder_farm": 1, 
            "birthday": "2011-05-02", 
            "description": "", 
            "deathday": null, 
            "birthtime": "05:00:00", 
            "photos": [], 
            "primary_breed": 1, 
            "slug": "", 
            "name": ""
        }
    }, 
    {
        "pk": 27, 
        "model": "farm.animal", 
        "fields": {
            "alt_breeder": "Murry McMurray Hatchery", 
            "alt_owner": "", 
            "uuid": "c2c31ef4829f4766b79aeaec57e881a6", 
            "created": "2011-05-09 23:47:26", 
            "dam": null, 
            "markup": "m", 
            "sire": null, 
            "modified": "2011-05-09 23:47:27", 
            "owner_farm": 1, 
            "sex": "F", 
            "rendered_description": "", 
            "breeder_farm": null, 
            "birthday": "2010-05-01", 
            "description": "", 
            "deathday": null, 
            "birthtime": "00:00:00", 
            "photos": [], 
            "primary_breed": 9, 
            "slug": "olga", 
            "name": "Olga"
        }
    }, 
    {
        "pk": 28, 
        "model": "farm.animal", 
        "fields": {
            "alt_breeder": "Shari and Frank John", 
            "alt_owner": "", 
            "uuid": "bd12d22b4aa74b73b75e031bc6a04553", 
            "created": "2011-05-10 10:27:41", 
            "dam": null, 
            "markup": "m", 
            "sire": null, 
            "modified": "2011-05-10 10:27:41", 
            "owner_farm": 1, 
            "sex": "M", 
            "rendered_description": "<p>Came to us as a very inexpensive buck without papers that would make a good starter for our girls first freshenings. He has performed his task admirably at this point, siring four kids, three of which have survived.</p>", 
            "breeder_farm": null, 
            "birthday": null, 
            "description": "Came to us as a very inexpensive buck without papers that would make a good starter for our girls first freshenings. He has performed his task admirably at this point, siring four kids, three of which have survived.", 
            "deathday": null, 
            "birthtime": null, 
            "photos": [
                7
            ], 
            "primary_breed": 7, 
            "slug": "emmett", 
            "name": "Emmett"
        }
    }, 
    {
        "pk": 1, 
        "model": "farm.animalattribute", 
        "fields": {
            "option": 1, 
            "value": "0", 
            "animal": 15
        }
    }, 
    {
        "pk": 2, 
        "model": "farm.animalattribute", 
        "fields": {
            "option": 2, 
            "value": "Red", 
            "animal": 1
        }
    }, 
    {
        "pk": 3, 
        "model": "farm.animalattribute", 
        "fields": {
            "option": 3, 
            "value": "2", 
            "animal": 1
        }
    }, 
    {
        "pk": 4, 
        "model": "farm.animalattribute", 
        "fields": {
            "option": 2, 
            "value": "Red", 
            "animal": 2
        }
    }, 
    {
        "pk": 5, 
        "model": "farm.animalattribute", 
        "fields": {
            "option": 3, 
            "value": "2", 
            "animal": 2
        }
    }, 
    {
        "pk": 6, 
        "model": "farm.animalattribute", 
        "fields": {
            "option": 4, 
            "value": "Yes", 
            "animal": 28
        }
    }, 
    {
        "pk": 1, 
        "model": "notes.topic", 
        "fields": {
            "description": "", 
            "slug": "lambing", 
            "title": "Lambing", 
            "modified": "2011-05-04 13:50:19", 
            "created": "2011-05-04 13:50:19"
        }
    }, 
    {
        "pk": 2, 
        "model": "notes.note", 
        "fields": {
            "content": "Candace gave birth to one healthy lamb. After becoming restless early in the day, Emma separated her from the flock, placing her in the lambing stall. Despite putting her in alone, her daughter, India, hoped the fence when Emma gave Candace some supplemental grain. So she left India in there with Candace to keep her company.\r\n\r\nEmma got home at about 5 p.m., and it was shortly after that Candace gave birth. The first lamb took a while being born, and Emma gave a call to a few farmer friends for assurances that Candace would be alright. They also noted that lambing can take quite a while.\r\n\r\nAt about 10:30 p.m. we still were not satisfied that we had seen the afterbirth, but had to go to bed, so left Candace to her own devices.", 
            "created": "2011-05-04 16:01:51", 
            "rendered_content": "<p>Candace gave birth to one healthy lamb. After becoming restless early in the day, Emma separated her from the flock, placing her in the lambing stall. Despite putting her in alone, her daughter, India, hoped the fence when Emma gave Candace some supplemental grain. So she left India in there with Candace to keep her company.</p>\n<p>Emma got home at about 5 p.m., and it was shortly after that Candace gave birth. The first lamb took a while being born, and Emma gave a call to a few farmer friends for assurances that Candace would be alright. They also noted that lambing can take quite a while.</p>\n<p>At about 10:30 p.m. we still were not satisfied that we had seen the afterbirth, but had to go to bed, so left Candace to her own devices.</p>", 
            "markup": "m", 
            "author": 1, 
            "modified": "2011-05-04 16:01:51", 
            "object_id": 12, 
            "topic": 1, 
            "content_type": 24, 
            "date": "2011-05-03", 
            "public": true
        }
    }, 
    {
        "pk": 8, 
        "model": "photologue.photo", 
        "fields": {
            "view_count": 0, 
            "title_slug": "willa-nursing-her-first-litter", 
            "date_taken": "2011-05-10 10:40:51", 
            "title": "Willa nursing her first litter", 
            "image": "photologue/photos/willa-nursing.jpg", 
            "tags": "willa, large-black, hog, pig, nursing, farrowing, birth, litter, piglets", 
            "crop_from": "center", 
            "effect": null, 
            "caption": "Willa, hours after farrowing her first litter. She's a good mom and we only lost three of her piglets, leaving us with 7.", 
            "is_public": true, 
            "date_added": "2011-05-10 10:40:50"
        }
    }, 
    {
        "pk": 7, 
        "model": "photologue.photo", 
        "fields": {
            "view_count": 0, 
            "title_slug": "emmett-dn-buck", 
            "date_taken": "2011-05-10 10:27:10", 
            "title": "Emmett the DN Buck", 
            "image": "photologue/photos/emmett-the-buck.jpg", 
            "tags": "emmett, goat, dwarf-nigerian, buck", 
            "crop_from": "center", 
            "effect": null, 
            "caption": "Emmett when he first came to our farm, all clean and not horny.", 
            "is_public": true, 
            "date_added": "2011-05-10 10:27:09"
        }
    }, 
    {
        "pk": 6, 
        "model": "photologue.photo", 
        "fields": {
            "view_count": 0, 
            "title_slug": "frank-with-child", 
            "date_taken": "2011-05-10 10:02:04", 
            "title": "Frank with a child", 
            "image": "photologue/photos/frank-with-child.jpg", 
            "tags": "frank, katahdin, sheep, lamb, shearing", 
            "crop_from": "top", 
            "effect": null, 
            "caption": "Frank with a child at Castine's sheep shearing on the Common event.", 
            "is_public": true, 
            "date_added": "2011-05-10 10:02:04"
        }
    }, 
    {
        "pk": 5, 
        "model": "photologue.photo", 
        "fields": {
            "view_count": 0, 
            "title_slug": "merriweather-hog", 
            "date_taken": "2011-05-09 23:59:04", 
            "title": "Merriweather the hog", 
            "image": "photologue/photos/DSC_3968.JPG", 
            "tags": "merri, merriweather, hog, red-wattle, pig, ", 
            "crop_from": "center", 
            "effect": null, 
            "caption": "Merriweather works on tilling up our mipas garden in the front yard.", 
            "is_public": true, 
            "date_added": "2011-05-09 23:59:02"
        }
    }, 
    {
        "pk": 4, 
        "model": "photologue.photo", 
        "fields": {
            "view_count": 0, 
            "title_slug": "gertrude", 
            "date_taken": "2011-05-06 21:30:01", 
            "title": "Gertrude", 
            "image": "photologue/photos/DSC_4014.JPG", 
            "tags": "gertrude, pig, red-wattle", 
            "crop_from": "center", 
            "effect": null, 
            "caption": "Gertrude, a red wattle sow.", 
            "is_public": true, 
            "date_added": "2011-05-06 21:30:00"
        }
    }, 
    {
        "pk": 3, 
        "model": "photologue.photo", 
        "fields": {
            "view_count": 0, 
            "title_slug": "gertrude-her-first-litter", 
            "date_taken": "2011-05-06 21:29:24", 
            "title": "Gertrude with her first litter", 
            "image": "photologue/photos/DSC_4009.JPG", 
            "tags": "gertrude, pig, red-wattle, piglets", 
            "crop_from": "center", 
            "effect": null, 
            "caption": "Gertrude enjoying a warm May day with her first litter of piglets.", 
            "is_public": true, 
            "date_added": "2011-05-06 21:29:22"
        }
    }, 
    {
        "pk": 2, 
        "model": "photologue.photo", 
        "fields": {
            "view_count": 0, 
            "title_slug": "candace-id-0ddc1cdcef", 
            "date_taken": "2011-05-06 11:34:59", 
            "title": "Candace ID: 0ddc1cdcef", 
            "image": "photologue/photos/candace-sheep-0ddc1cdcef.jpg", 
            "tags": "candace, sheep, tunis, 0ddc1cdcef, animal, mother", 
            "crop_from": "bottom", 
            "effect": null, 
            "caption": "", 
            "is_public": true, 
            "date_added": "2011-05-06 11:34:59"
        }
    }, 
    {
        "pk": 1, 
        "model": "photologue.photo", 
        "fields": {
            "view_count": 18, 
            "title_slug": "lamb-candace-id-6865de9eb", 
            "date_taken": "2011-05-04 16:37:42", 
            "title": "Lamb from Candace (ID 6865de9eb)", 
            "image": "photologue/photos/tunis-lamb-6865de9eba.jpg", 
            "tags": "candace, lamb, 6865de9eb", 
            "crop_from": "center", 
            "effect": null, 
            "caption": "", 
            "is_public": true, 
            "date_added": "2011-05-04 16:37:42"
        }
    }, 
    {
        "pk": 2, 
        "model": "photologue.photosize", 
        "fields": {
            "name": "thumbnail", 
            "watermark": null, 
            "increment_count": false, 
            "effect": null, 
            "crop": true, 
            "height": 100, 
            "width": 100, 
            "upscale": false, 
            "pre_cache": false, 
            "quality": 80
        }
    }, 
    {
        "pk": 1, 
        "model": "photologue.photosize", 
        "fields": {
            "name": "display", 
            "watermark": null, 
            "increment_count": true, 
            "effect": null, 
            "crop": false, 
            "height": 400, 
            "width": 400, 
            "upscale": false, 
            "pre_cache": true, 
            "quality": 90
        }
    }, 
    {
        "pk": 3, 
        "model": "photologue.photosize", 
        "fields": {
            "name": "mug", 
            "watermark": null, 
            "increment_count": false, 
            "effect": null, 
            "crop": true, 
            "height": 250, 
            "width": 620, 
            "upscale": true, 
            "pre_cache": false, 
            "quality": 90
        }
    }, 
    {
        "pk": 22, 
        "model": "auth.permission", 
        "fields": {
            "codename": "add_logentry", 
            "name": "Can add log entry", 
            "content_type": 8
        }
    }, 
    {
        "pk": 23, 
        "model": "auth.permission", 
        "fields": {
            "codename": "change_logentry", 
            "name": "Can change log entry", 
            "content_type": 8
        }
    }, 
    {
        "pk": 24, 
        "model": "auth.permission", 
        "fields": {
            "codename": "delete_logentry", 
            "name": "Can delete log entry", 
            "content_type": 8
        }
    }, 
    {
        "pk": 50, 
        "model": "auth.permission", 
        "fields": {
            "codename": "add_article", 
            "name": "Can add article", 
            "content_type": 17
        }
    }, 
    {
        "pk": 51, 
        "model": "auth.permission", 
        "fields": {
            "codename": "change_article", 
            "name": "Can change article", 
            "content_type": 17
        }
    }, 
    {
        "pk": 52, 
        "model": "auth.permission", 
        "fields": {
            "codename": "delete_article", 
            "name": "Can delete article", 
            "content_type": 17
        }
    }, 
    {
        "pk": 47, 
        "model": "auth.permission", 
        "fields": {
            "codename": "add_articlestatus", 
            "name": "Can add article status", 
            "content_type": 16
        }
    }, 
    {
        "pk": 48, 
        "model": "auth.permission", 
        "fields": {
            "codename": "change_articlestatus", 
            "name": "Can change article status", 
            "content_type": 16
        }
    }, 
    {
        "pk": 49, 
        "model": "auth.permission", 
        "fields": {
            "codename": "delete_articlestatus", 
            "name": "Can delete article status", 
            "content_type": 16
        }
    }, 
    {
        "pk": 53, 
        "model": "auth.permission", 
        "fields": {
            "codename": "add_attachment", 
            "name": "Can add attachment", 
            "content_type": 18
        }
    }, 
    {
        "pk": 54, 
        "model": "auth.permission", 
        "fields": {
            "codename": "change_attachment", 
            "name": "Can change attachment", 
            "content_type": 18
        }
    }, 
    {
        "pk": 55, 
        "model": "auth.permission", 
        "fields": {
            "codename": "delete_attachment", 
            "name": "Can delete attachment", 
            "content_type": 18
        }
    }, 
    {
        "pk": 44, 
        "model": "auth.permission", 
        "fields": {
            "codename": "add_tag", 
            "name": "Can add tag", 
            "content_type": 15
        }
    }, 
    {
        "pk": 45, 
        "model": "auth.permission", 
        "fields": {
            "codename": "change_tag", 
            "name": "Can change tag", 
            "content_type": 15
        }
    }, 
    {
        "pk": 46, 
        "model": "auth.permission", 
        "fields": {
            "codename": "delete_tag", 
            "name": "Can delete tag", 
            "content_type": 15
        }
    }, 
    {
        "pk": 41, 
        "model": "auth.permission", 
        "fields": {
            "codename": "add_attributeoption", 
            "name": "Can add attribute option", 
            "content_type": 14
        }
    }, 
    {
        "pk": 42, 
        "model": "auth.permission", 
        "fields": {
            "codename": "change_attributeoption", 
            "name": "Can change attribute option", 
            "content_type": 14
        }
    }, 
    {
        "pk": 43, 
        "model": "auth.permission", 
        "fields": {
            "codename": "delete_attributeoption", 
            "name": "Can delete attribute option", 
            "content_type": 14
        }
    }, 
    {
        "pk": 4, 
        "model": "auth.permission", 
        "fields": {
            "codename": "add_group", 
            "name": "Can add group", 
            "content_type": 2
        }
    }, 
    {
        "pk": 5, 
        "model": "auth.permission", 
        "fields": {
            "codename": "change_group", 
            "name": "Can change group", 
            "content_type": 2
        }
    }, 
    {
        "pk": 6, 
        "model": "auth.permission", 
        "fields": {
            "codename": "delete_group", 
            "name": "Can delete group", 
            "content_type": 2
        }
    }, 
    {
        "pk": 10, 
        "model": "auth.permission", 
        "fields": {
            "codename": "add_message", 
            "name": "Can add message", 
            "content_type": 4
        }
    }, 
    {
        "pk": 11, 
        "model": "auth.permission", 
        "fields": {
            "codename": "change_message", 
            "name": "Can change message", 
            "content_type": 4
        }
    }, 
    {
        "pk": 12, 
        "model": "auth.permission", 
        "fields": {
            "codename": "delete_message", 
            "name": "Can delete message", 
            "content_type": 4
        }
    }, 
    {
        "pk": 1, 
        "model": "auth.permission", 
        "fields": {
            "codename": "add_permission", 
            "name": "Can add permission", 
            "content_type": 1
        }
    }, 
    {
        "pk": 2, 
        "model": "auth.permission", 
        "fields": {
            "codename": "change_permission", 
            "name": "Can change permission", 
            "content_type": 1
        }
    }, 
    {
        "pk": 3, 
        "model": "auth.permission", 
        "fields": {
            "codename": "delete_permission", 
            "name": "Can delete permission", 
            "content_type": 1
        }
    }, 
    {
        "pk": 7, 
        "model": "auth.permission", 
        "fields": {
            "codename": "add_user", 
            "name": "Can add user", 
            "content_type": 3
        }
    }, 
    {
        "pk": 8, 
        "model": "auth.permission", 
        "fields": {
            "codename": "change_user", 
            "name": "Can change user", 
            "content_type": 3
        }
    }, 
    {
        "pk": 9, 
        "model": "auth.permission", 
        "fields": {
            "codename": "delete_user", 
            "name": "Can delete user", 
            "content_type": 3
        }
    }, 
    {
        "pk": 25, 
        "model": "auth.permission", 
        "fields": {
            "codename": "add_comment", 
            "name": "Can add comment", 
            "content_type": 9
        }
    }, 
    {
        "pk": 28, 
        "model": "auth.permission", 
        "fields": {
            "codename": "can_moderate", 
            "name": "Can moderate comments", 
            "content_type": 9
        }
    }, 
    {
        "pk": 26, 
        "model": "auth.permission", 
        "fields": {
            "codename": "change_comment", 
            "name": "Can change comment", 
            "content_type": 9
        }
    }, 
    {
        "pk": 27, 
        "model": "auth.permission", 
        "fields": {
            "codename": "delete_comment", 
            "name": "Can delete comment", 
            "content_type": 9
        }
    }, 
    {
        "pk": 29, 
        "model": "auth.permission", 
        "fields": {
            "codename": "add_commentflag", 
            "name": "Can add comment flag", 
            "content_type": 10
        }
    }, 
    {
        "pk": 30, 
        "model": "auth.permission", 
        "fields": {
            "codename": "change_commentflag", 
            "name": "Can change comment flag", 
            "content_type": 10
        }
    }, 
    {
        "pk": 31, 
        "model": "auth.permission", 
        "fields": {
            "codename": "delete_commentflag", 
            "name": "Can delete comment flag", 
            "content_type": 10
        }
    }, 
    {
        "pk": 13, 
        "model": "auth.permission", 
        "fields": {
            "codename": "add_contenttype", 
            "name": "Can add content type", 
            "content_type": 5
        }
    }, 
    {
        "pk": 14, 
        "model": "auth.permission", 
        "fields": {
            "codename": "change_contenttype", 
            "name": "Can change content type", 
            "content_type": 5
        }
    }, 
    {
        "pk": 15, 
        "model": "auth.permission", 
        "fields": {
            "codename": "delete_contenttype", 
            "name": "Can delete content type", 
            "content_type": 5
        }
    }, 
    {
        "pk": 35, 
        "model": "auth.permission", 
        "fields": {
            "codename": "add_source", 
            "name": "Can add source", 
            "content_type": 12
        }
    }, 
    {
        "pk": 36, 
        "model": "auth.permission", 
        "fields": {
            "codename": "change_source", 
            "name": "Can change source", 
            "content_type": 12
        }
    }, 
    {
        "pk": 37, 
        "model": "auth.permission", 
        "fields": {
            "codename": "delete_source", 
            "name": "Can delete source", 
            "content_type": 12
        }
    }, 
    {
        "pk": 38, 
        "model": "auth.permission", 
        "fields": {
            "codename": "add_thumbnail", 
            "name": "Can add thumbnail", 
            "content_type": 13
        }
    }, 
    {
        "pk": 39, 
        "model": "auth.permission", 
        "fields": {
            "codename": "change_thumbnail", 
            "name": "Can change thumbnail", 
            "content_type": 13
        }
    }, 
    {
        "pk": 40, 
        "model": "auth.permission", 
        "fields": {
            "codename": "delete_thumbnail", 
            "name": "Can delete thumbnail", 
            "content_type": 13
        }
    }, 
    {
        "pk": 71, 
        "model": "auth.permission", 
        "fields": {
            "codename": "add_animal", 
            "name": "Can add Animal", 
            "content_type": 24
        }
    }, 
    {
        "pk": 72, 
        "model": "auth.permission", 
        "fields": {
            "codename": "change_animal", 
            "name": "Can change Animal", 
            "content_type": 24
        }
    }, 
    {
        "pk": 73, 
        "model": "auth.permission", 
        "fields": {
            "codename": "delete_animal", 
            "name": "Can delete Animal", 
            "content_type": 24
        }
    }, 
    {
        "pk": 77, 
        "model": "auth.permission", 
        "fields": {
            "codename": "add_animalattribute", 
            "name": "Can add Animal attribute", 
            "content_type": 26
        }
    }, 
    {
        "pk": 78, 
        "model": "auth.permission", 
        "fields": {
            "codename": "change_animalattribute", 
            "name": "Can change Animal attribute", 
            "content_type": 26
        }
    }, 
    {
        "pk": 79, 
        "model": "auth.permission", 
        "fields": {
            "codename": "delete_animalattribute", 
            "name": "Can delete Animal attribute", 
            "content_type": 26
        }
    }, 
    {
        "pk": 74, 
        "model": "auth.permission", 
        "fields": {
            "codename": "add_animalattributeoption", 
            "name": "Can add Animal attribute options", 
            "content_type": 25
        }
    }, 
    {
        "pk": 75, 
        "model": "auth.permission", 
        "fields": {
            "codename": "change_animalattributeoption", 
            "name": "Can change Animal attribute options", 
            "content_type": 25
        }
    }, 
    {
        "pk": 76, 
        "model": "auth.permission", 
        "fields": {
            "codename": "delete_animalattributeoption", 
            "name": "Can delete Animal attribute options", 
            "content_type": 25
        }
    }, 
    {
        "pk": 80, 
        "model": "auth.permission", 
        "fields": {
            "codename": "add_animalregistration", 
            "name": "Can add Animal registration", 
            "content_type": 27
        }
    }, 
    {
        "pk": 81, 
        "model": "auth.permission", 
        "fields": {
            "codename": "change_animalregistration", 
            "name": "Can change Animal registration", 
            "content_type": 27
        }
    }, 
    {
        "pk": 82, 
        "model": "auth.permission", 
        "fields": {
            "codename": "delete_animalregistration", 
            "name": "Can delete Animal registration", 
            "content_type": 27
        }
    }, 
    {
        "pk": 62, 
        "model": "auth.permission", 
        "fields": {
            "codename": "add_breed", 
            "name": "Can add Breed", 
            "content_type": 21
        }
    }, 
    {
        "pk": 63, 
        "model": "auth.permission", 
        "fields": {
            "codename": "change_breed", 
            "name": "Can change Breed", 
            "content_type": 21
        }
    }, 
    {
        "pk": 64, 
        "model": "auth.permission", 
        "fields": {
            "codename": "delete_breed", 
            "name": "Can delete Breed", 
            "content_type": 21
        }
    }, 
    {
        "pk": 56, 
        "model": "auth.permission", 
        "fields": {
            "codename": "add_farm", 
            "name": "Can add Farm", 
            "content_type": 19
        }
    }, 
    {
        "pk": 57, 
        "model": "auth.permission", 
        "fields": {
            "codename": "change_farm", 
            "name": "Can change Farm", 
            "content_type": 19
        }
    }, 
    {
        "pk": 58, 
        "model": "auth.permission", 
        "fields": {
            "codename": "delete_farm", 
            "name": "Can delete Farm", 
            "content_type": 19
        }
    }, 
    {
        "pk": 119, 
        "model": "auth.permission", 
        "fields": {
            "codename": "add_genus", 
            "name": "Can add Genus", 
            "content_type": 40
        }
    }, 
    {
        "pk": 120, 
        "model": "auth.permission", 
        "fields": {
            "codename": "change_genus", 
            "name": "Can change Genus", 
            "content_type": 40
        }
    }, 
    {
        "pk": 121, 
        "model": "auth.permission", 
        "fields": {
            "codename": "delete_genus", 
            "name": "Can delete Genus", 
            "content_type": 40
        }
    }, 
    {
        "pk": 92, 
        "model": "auth.permission", 
        "fields": {
            "codename": "add_product", 
            "name": "Can add Product", 
            "content_type": 31
        }
    }, 
    {
        "pk": 93, 
        "model": "auth.permission", 
        "fields": {
            "codename": "change_product", 
            "name": "Can change Product", 
            "content_type": 31
        }
    }, 
    {
        "pk": 94, 
        "model": "auth.permission", 
        "fields": {
            "codename": "delete_product", 
            "name": "Can delete Product", 
            "content_type": 31
        }
    }, 
    {
        "pk": 89, 
        "model": "auth.permission", 
        "fields": {
            "codename": "add_productattribute", 
            "name": "Can add Product attribute", 
            "content_type": 30
        }
    }, 
    {
        "pk": 90, 
        "model": "auth.permission", 
        "fields": {
            "codename": "change_productattribute", 
            "name": "Can change Product attribute", 
            "content_type": 30
        }
    }, 
    {
        "pk": 91, 
        "model": "auth.permission", 
        "fields": {
            "codename": "delete_productattribute", 
            "name": "Can delete Product attribute", 
            "content_type": 30
        }
    }, 
    {
        "pk": 86, 
        "model": "auth.permission", 
        "fields": {
            "codename": "add_productattributeoption", 
            "name": "Can add Product attribute options", 
            "content_type": 29
        }
    }, 
    {
        "pk": 87, 
        "model": "auth.permission", 
        "fields": {
            "codename": "change_productattributeoption", 
            "name": "Can change Product attribute options", 
            "content_type": 29
        }
    }, 
    {
        "pk": 88, 
        "model": "auth.permission", 
        "fields": {
            "codename": "delete_productattributeoption", 
            "name": "Can delete Product attribute options", 
            "content_type": 29
        }
    }, 
    {
        "pk": 83, 
        "model": "auth.permission", 
        "fields": {
            "codename": "add_producttype", 
            "name": "Can add Product type", 
            "content_type": 28
        }
    }, 
    {
        "pk": 84, 
        "model": "auth.permission", 
        "fields": {
            "codename": "change_producttype", 
            "name": "Can change Product type", 
            "content_type": 28
        }
    }, 
    {
        "pk": 85, 
        "model": "auth.permission", 
        "fields": {
            "codename": "delete_producttype", 
            "name": "Can delete Product type", 
            "content_type": 28
        }
    }, 
    {
        "pk": 65, 
        "model": "auth.permission", 
        "fields": {
            "codename": "add_registrationbody", 
            "name": "Can add Registration body", 
            "content_type": 22
        }
    }, 
    {
        "pk": 66, 
        "model": "auth.permission", 
        "fields": {
            "codename": "change_registrationbody", 
            "name": "Can change Registration body", 
            "content_type": 22
        }
    }, 
    {
        "pk": 67, 
        "model": "auth.permission", 
        "fields": {
            "codename": "delete_registrationbody", 
            "name": "Can delete Registration body", 
            "content_type": 22
        }
    }, 
    {
        "pk": 68, 
        "model": "auth.permission", 
        "fields": {
            "codename": "add_secondarybreed", 
            "name": "Can add Secondary breed", 
            "content_type": 23
        }
    }, 
    {
        "pk": 69, 
        "model": "auth.permission", 
        "fields": {
            "codename": "change_secondarybreed", 
            "name": "Can change Secondary breed", 
            "content_type": 23
        }
    }, 
    {
        "pk": 70, 
        "model": "auth.permission", 
        "fields": {
            "codename": "delete_secondarybreed", 
            "name": "Can delete Secondary breed", 
            "content_type": 23
        }
    }, 
    {
        "pk": 32, 
        "model": "auth.permission", 
        "fields": {
            "codename": "add_flatpage", 
            "name": "Can add flat page", 
            "content_type": 11
        }
    }, 
    {
        "pk": 33, 
        "model": "auth.permission", 
        "fields": {
            "codename": "change_flatpage", 
            "name": "Can change flat page", 
            "content_type": 11
        }
    }, 
    {
        "pk": 34, 
        "model": "auth.permission", 
        "fields": {
            "codename": "delete_flatpage", 
            "name": "Can delete flat page", 
            "content_type": 11
        }
    }, 
    {
        "pk": 98, 
        "model": "auth.permission", 
        "fields": {
            "codename": "add_note", 
            "name": "Can add Note", 
            "content_type": 33
        }
    }, 
    {
        "pk": 99, 
        "model": "auth.permission", 
        "fields": {
            "codename": "change_note", 
            "name": "Can change Note", 
            "content_type": 33
        }
    }, 
    {
        "pk": 100, 
        "model": "auth.permission", 
        "fields": {
            "codename": "delete_note", 
            "name": "Can delete Note", 
            "content_type": 33
        }
    }, 
    {
        "pk": 95, 
        "model": "auth.permission", 
        "fields": {
            "codename": "add_topic", 
            "name": "Can add Topic", 
            "content_type": 32
        }
    }, 
    {
        "pk": 96, 
        "model": "auth.permission", 
        "fields": {
            "codename": "change_topic", 
            "name": "Can change Topic", 
            "content_type": 32
        }
    }, 
    {
        "pk": 97, 
        "model": "auth.permission", 
        "fields": {
            "codename": "delete_topic", 
            "name": "Can delete Topic", 
            "content_type": 32
        }
    }, 
    {
        "pk": 101, 
        "model": "auth.permission", 
        "fields": {
            "codename": "add_gallery", 
            "name": "Can add gallery", 
            "content_type": 34
        }
    }, 
    {
        "pk": 102, 
        "model": "auth.permission", 
        "fields": {
            "codename": "change_gallery", 
            "name": "Can change gallery", 
            "content_type": 34
        }
    }, 
    {
        "pk": 103, 
        "model": "auth.permission", 
        "fields": {
            "codename": "delete_gallery", 
            "name": "Can delete gallery", 
            "content_type": 34
        }
    }, 
    {
        "pk": 104, 
        "model": "auth.permission", 
        "fields": {
            "codename": "add_galleryupload", 
            "name": "Can add gallery upload", 
            "content_type": 35
        }
    }, 
    {
        "pk": 105, 
        "model": "auth.permission", 
        "fields": {
            "codename": "change_galleryupload", 
            "name": "Can change gallery upload", 
            "content_type": 35
        }
    }, 
    {
        "pk": 106, 
        "model": "auth.permission", 
        "fields": {
            "codename": "delete_galleryupload", 
            "name": "Can delete gallery upload", 
            "content_type": 35
        }
    }, 
    {
        "pk": 107, 
        "model": "auth.permission", 
        "fields": {
            "codename": "add_photo", 
            "name": "Can add photo", 
            "content_type": 36
        }
    }, 
    {
        "pk": 108, 
        "model": "auth.permission", 
        "fields": {
            "codename": "change_photo", 
            "name": "Can change photo", 
            "content_type": 36
        }
    }, 
    {
        "pk": 109, 
        "model": "auth.permission", 
        "fields": {
            "codename": "delete_photo", 
            "name": "Can delete photo", 
            "content_type": 36
        }
    }, 
    {
        "pk": 110, 
        "model": "auth.permission", 
        "fields": {
            "codename": "add_photoeffect", 
            "name": "Can add photo effect", 
            "content_type": 37
        }
    }, 
    {
        "pk": 111, 
        "model": "auth.permission", 
        "fields": {
            "codename": "change_photoeffect", 
            "name": "Can change photo effect", 
            "content_type": 37
        }
    }, 
    {
        "pk": 112, 
        "model": "auth.permission", 
        "fields": {
            "codename": "delete_photoeffect", 
            "name": "Can delete photo effect", 
            "content_type": 37
        }
    }, 
    {
        "pk": 116, 
        "model": "auth.permission", 
        "fields": {
            "codename": "add_photosize", 
            "name": "Can add photo size", 
            "content_type": 39
        }
    }, 
    {
        "pk": 117, 
        "model": "auth.permission", 
        "fields": {
            "codename": "change_photosize", 
            "name": "Can change photo size", 
            "content_type": 39
        }
    }, 
    {
        "pk": 118, 
        "model": "auth.permission", 
        "fields": {
            "codename": "delete_photosize", 
            "name": "Can delete photo size", 
            "content_type": 39
        }
    }, 
    {
        "pk": 113, 
        "model": "auth.permission", 
        "fields": {
            "codename": "add_watermark", 
            "name": "Can add watermark", 
            "content_type": 38
        }
    }, 
    {
        "pk": 114, 
        "model": "auth.permission", 
        "fields": {
            "codename": "change_watermark", 
            "name": "Can change watermark", 
            "content_type": 38
        }
    }, 
    {
        "pk": 115, 
        "model": "auth.permission", 
        "fields": {
            "codename": "delete_watermark", 
            "name": "Can delete watermark", 
            "content_type": 38
        }
    }, 
    {
        "pk": 16, 
        "model": "auth.permission", 
        "fields": {
            "codename": "add_session", 
            "name": "Can add session", 
            "content_type": 6
        }
    }, 
    {
        "pk": 17, 
        "model": "auth.permission", 
        "fields": {
            "codename": "change_session", 
            "name": "Can change session", 
            "content_type": 6
        }
    }, 
    {
        "pk": 18, 
        "model": "auth.permission", 
        "fields": {
            "codename": "delete_session", 
            "name": "Can delete session", 
            "content_type": 6
        }
    }, 
    {
        "pk": 19, 
        "model": "auth.permission", 
        "fields": {
            "codename": "add_site", 
            "name": "Can add site", 
            "content_type": 7
        }
    }, 
    {
        "pk": 20, 
        "model": "auth.permission", 
        "fields": {
            "codename": "change_site", 
            "name": "Can change site", 
            "content_type": 7
        }
    }, 
    {
        "pk": 21, 
        "model": "auth.permission", 
        "fields": {
            "codename": "delete_site", 
            "name": "Can delete site", 
            "content_type": 7
        }
    }, 
    {
        "pk": 1, 
        "model": "auth.user", 
        "fields": {
            "username": "powellc", 
            "first_name": "", 
            "last_name": "", 
            "is_active": true, 
            "is_superuser": true, 
            "is_staff": true, 
            "last_login": "2011-05-06 11:08:33", 
            "groups": [], 
            "user_permissions": [], 
            "password": "sha1$e2a98$f0f839fe4a1c87625304f1f7f483ec21e5c74ac0", 
            "email": "colin@onecardinal.com", 
            "date_joined": "2011-05-04 13:07:11"
        }
    }
]
